{"type":"FeatureCollection","features":[{"type":"Feature","id":38,"geometry":null,"properties":{"objectid":38,"namobj":"Kasang Bangsawan","fcode":"BA03070040","remark":"-","metadata":"METADATA_IGT_BATASDESA_2024","srs_id":"-","kdbbps":"-","kdpumdes":"14.07.08.2004","kdpumkec":"14.07.08","kdpumkab":"14.07","kdpumprov":"14","luaswh":"-","tipadm":"Desa"}},{"type":"Feature","id":39,"geometry":null,"properties":{"objectid":39,"namobj":"Bakti Makmur","fcode":"BA03070040","remark":"-","metadata":"METADATA_IGT_BATASDESA_2024","srs_id":"-","kdbbps":"-","kdpumdes":"14.07.05.2025","kdpumkec":"14.07.05","kdpumkab":"14.07","kdpumprov":"14","luaswh":"-","tipadm":"Desa"}},{"type":"Feature","id":40,"geometry":null,"properties":{"objectid":40,"namobj":"Bagansinembah Barat","fcode":"BA03070040","remark":"-","metadata":"METADATA_IGT_BATASDESA_2024","srs_id":"-","kdbbps":"-","kdpumdes":"14.07.17.2010","kdpumkec":"14.07.17","kdpumkab":"14.07","kdpumprov":"14","luaswh":"-","tipadm":"Desa"}},{"type":"Feature","id":41,"geometry":null,"properties":{"objectid":41,"namobj":"Bagansinembah Utara","fcode":"BA03070040","remark":"-","metadata":"METADATA_IGT_BATASDESA_2024","srs_id":"-","kdbbps":"-","kdpumdes":"14.07.17.2009","kdpumkec":"14.07.17","kdpumkab":"14.07","kdpumprov":"14","luaswh":"-","tipadm":"Desa"}},{"type":"Feature","id":5,"geometry":null,"properties":{"objectid":5,"namobj":"Bentek","fcode":"BA03070040","remark":"-","metadata":"METADATA_IGT_BATASDESA_2024","srs_id":"-","kdbbps":"-","kdpumdes":"52.08.02.2002","kdpumkec":"52.08.02","kdpumkab":"52.08","kdpumprov":"52","luaswh":"-","tipadm":"Desa"}},{"type":"Feature","id":6,"geometry":null,"properties":{"objectid":6,"namobj":"Sukadana","fcode":"BA03070040","remark":"Batas Desa belum sesuai dengan garis pantai BIG","metadata":"METADATA_IGT_BATASDESA_2024","srs_id":"-","kdbbps":"-","kdpumdes":"52.08.04.2004","kdpumkec":"52.08.04","kdpumkab":"52.08","kdpumprov":"52","luaswh":"-","tipadm":"Desa"}},{"type":"Feature","id":0,"geometry":null,"properties":{"objectid":0,"namobj":"Subayang Jaya","fcode":"BA03080040","remark":"-","metadata":"METADATA_IGT_BATASDESA_2024","srs_id":"-","kdbbps":"-","kdpumdes":"14.01.09.2020","kdpumkec":"14.01.09","kdpumkab":"14.01","kdpumprov":"14","luaswh":"-","tipadm":"Desa"}},{"type":"Feature","id":0,"geometry":null,"properties":{"objectid":0,"namobj":"Kebun Tinggi","fcode":"BA03080040","remark":"-","metadata":"METADATA_IGT_BATASDESA_2024","srs_id":"-","kdbbps":"-","kdpumdes":"14.01.09.2011","kdpumkec":"14.01.09","kdpumkab":"14.01","kdpumprov":"14","luaswh":"-","tipadm":"Desa"}},{"type":"Feature","id":41,"geometry":null,"properties":{"objectid":41,"namobj":"Taya","fcode":"BA03080040","remark":"-","metadata":"METADATA_IGT_BATASDESA_2024","srs_id":"-","kdbbps":"-","kdpumdes":"91.20.05.2008","kdpumkec":"91.20.05","kdpumkab":"91.20","kdpumprov":"91","luaswh":"-","tipadm":"Desa"}},{"type":"Feature","id":58,"geometry":null,"properties":{"objectid":58,"namobj":"Sikari","fcode":"BA03080040","remark":"-","metadata":"METADATA_IGT_BATASDESA_2024","srs_id":"-","kdbbps":"-","kdpumdes":"91.20.03.2004","kdpumkec":"91.20.03","kdpumkab":"91.20","kdpumprov":"91","luaswh":"-","tipadm":"Desa"}},{"type":"Feature","id":0,"geometry":null,"properties":{"objectid":0,"namobj":"Jenggala","fcode":"BA03070040","remark":"Batas Desa belum sesuai dengan garis pantai BIG","metadata":"METADATA_IGT_BATASDESA_2024","srs_id":"-","kdbbps":"-","kdpumdes":"52.08.01.2003","kdpumkec":"52.08.01","kdpumkab":"52.08","kdpumprov":"52","luaswh":"-","tipadm":"Desa"}},{"type":"Feature","id":1,"geometry":null,"properties":{"objectid":1,"namobj":"Sesait","fcode":"BA03070040","remark":"-","metadata":"METADATA_IGT_BATASDESA_2024","srs_id":"-","kdbbps":"-","kdpumdes":"52.08.03.2004","kdpumkec":"52.08.03","kdpumkab":"52.08","kdpumprov":"52","luaswh":"-","tipadm":"Desa"}},{"type":"Feature","id":3,"geometry":null,"properties":{"objectid":3,"namobj":"Rempek","fcode":"BA03070040","remark":"-","metadata":"METADATA_IGT_BATASDESA_2024","srs_id":"-","kdbbps":"-","kdpumdes":"52.08.02.2004","kdpumkec":"52.08.02","kdpumkab":"52.08","kdpumprov":"52","luaswh":"-","tipadm":"Desa"}},{"type":"Feature","id":4,"geometry":null,"properties":{"objectid":4,"namobj":"Genggelang","fcode":"BA03070040","remark":"Batas Desa belum sesuai dengan garis pantai BIG","metadata":"METADATA_IGT_BATASDESA_2024","srs_id":"-","kdbbps":"-","kdpumdes":"52.08.02.2003","kdpumkec":"52.08.02","kdpumkab":"52.08","kdpumprov":"52","luaswh":"-","tipadm":"Desa"}},{"type":"Feature","id":7,"geometry":null,"properties":{"objectid":7,"namobj":"Akar Akar","fcode":"BA03070040","remark":"Batas Desa belum sesuai dengan garis pantai BIG","metadata":"METADATA_IGT_BATASDESA_2024","srs_id":"-","kdbbps":"-","kdpumdes":"52.08.04.2005","kdpumkec":"52.08.04","kdpumkab":"52.08","kdpumprov":"52","luaswh":"-","tipadm":"Desa"}},{"type":"Feature","id":8,"geometry":null,"properties":{"objectid":8,"namobj":"Pengengat","fcode":"BA03070040","remark":"-","metadata":"METADATA_IGT_BATASDESA_2024","srs_id":"-","kdbbps":"-","kdpumdes":"52.02.04.2005","kdpumkec":"52.02.04","kdpumkab":"52.02","kdpumprov":"52","luaswh":"-","tipadm":"Desa"}},{"type":"Feature","id":11,"geometry":null,"properties":{"objectid":11,"namobj":"Kopang Rembiga","fcode":"BA03070040","remark":"-","metadata":"METADATA_IGT_BATASDESA_2024","srs_id":"-","kdbbps":"-","kdpumdes":"52.02.09.2005","kdpumkec":"52.02.09","kdpumkab":"52.02","kdpumprov":"52","luaswh":"-","tipadm":"Desa"}},{"type":"Feature","id":12,"geometry":null,"properties":{"objectid":12,"namobj":"Ganti","fcode":"BA03070040","remark":"-","metadata":"METADATA_IGT_BATASDESA_2024","srs_id":"-","kdbbps":"-","kdpumdes":"52.02.06.2008","kdpumkec":"52.02.06","kdpumkab":"52.02","kdpumprov":"52","luaswh":"-","tipadm":"Desa"}},{"type":"Feature","id":13,"geometry":null,"properties":{"objectid":13,"namobj":"Dasan Baru","fcode":"BA03070040","remark":"-","metadata":"METADATA_IGT_BATASDESA_2024","srs_id":"-","kdbbps":"-","kdpumdes":"52.02.09.2006","kdpumkec":"52.02.09","kdpumkab":"52.02","kdpumprov":"52","luaswh":"-","tipadm":"Desa"}},{"type":"Feature","id":15,"geometry":null,"properties":{"objectid":15,"namobj":"Beber","fcode":"BA03070040","remark":"-","metadata":"METADATA_IGT_BATASDESA_2024","srs_id":"-","kdbbps":"-","kdpumdes":"52.02.03.2008","kdpumkec":"52.02.03","kdpumkab":"52.02","kdpumprov":"52","luaswh":"-","tipadm":"Desa"}},{"type":"Feature","id":16,"geometry":null,"properties":{"objectid":16,"namobj":"Kinali","fcode":"BA03070040","remark":"Batas Desa belum sesuai dengan garis pantai BIG","metadata":"METADATA_IGT_BATASDESA_2024","srs_id":"-","kdbbps":"-","kdpumdes":"13.12.05.2001","kdpumkec":"13.12.05","kdpumkab":"13.12","kdpumprov":"13","luaswh":"-","tipadm":"Desa"}},{"type":"Feature","id":17,"geometry":null,"properties":{"objectid":17,"namobj":"Koto Baru","fcode":"BA03070040","remark":"Batas Desa belum sesuai dengan garis pantai BIG","metadata":"METADATA_IGT_BATASDESA_2024","srs_id":"-","kdbbps":"-","kdpumdes":"13.12.10.2001","kdpumkec":"13.12.10","kdpumkab":"13.12","kdpumprov":"13","luaswh":"-","tipadm":"Desa"}},{"type":"Feature","id":18,"geometry":null,"properties":{"objectid":18,"namobj":"Sasak","fcode":"BA03070040","remark":"Batas Desa belum sesuai dengan garis pantai BIG","metadata":"METADATA_IGT_BATASDESA_2024","srs_id":"-","kdbbps":"-","kdpumdes":"13.12.11.2001","kdpumkec":"13.12.11","kdpumkab":"13.12","kdpumprov":"13","luaswh":"-","tipadm":"Desa"}},{"type":"Feature","id":20,"geometry":null,"properties":{"objectid":20,"namobj":"Aia Gadang","fcode":"BA03070040","remark":"-","metadata":"METADATA_IGT_BATASDESA_2024","srs_id":"-","kdbbps":"-","kdpumdes":"13.12.03.2006","kdpumkec":"13.12.03","kdpumkab":"13.12","kdpumprov":"13","luaswh":"-","tipadm":"Desa"}},{"type":"Feature","id":21,"geometry":null,"properties":{"objectid":21,"namobj":"Aua Kuniang","fcode":"BA03070040","remark":"-","metadata":"METADATA_IGT_BATASDESA_2024","srs_id":"-","kdbbps":"-","kdpumdes":"13.12.03.2004","kdpumkec":"13.12.03","kdpumkab":"13.12","kdpumprov":"13","luaswh":"-","tipadm":"Desa"}},{"type":"Feature","id":22,"geometry":null,"properties":{"objectid":22,"namobj":"Kajai","fcode":"BA03070040","remark":"-","metadata":"METADATA_IGT_BATASDESA_2024","srs_id":"-","kdbbps":"-","kdpumdes":"13.12.04.2001","kdpumkec":"13.12.04","kdpumkab":"13.12","kdpumprov":"13","luaswh":"-","tipadm":"Desa"}},{"type":"Feature","id":23,"geometry":null,"properties":{"objectid":23,"namobj":"Talu","fcode":"BA03070040","remark":"-","metadata":"METADATA_IGT_BATASDESA_2024","srs_id":"-","kdbbps":"-","kdpumdes":"13.12.04.2002","kdpumkec":"13.12.04","kdpumkab":"13.12","kdpumprov":"13","luaswh":"-","tipadm":"Desa"}},{"type":"Feature","id":25,"geometry":null,"properties":{"objectid":25,"namobj":"Muaro Kiawai","fcode":"BA03070040","remark":"-","metadata":"METADATA_IGT_BATASDESA_2024","srs_id":"-","kdbbps":"-","kdpumdes":"13.12.06.2001","kdpumkec":"13.12.06","kdpumkab":"13.12","kdpumprov":"13","luaswh":"-","tipadm":"Desa"}},{"type":"Feature","id":26,"geometry":null,"properties":{"objectid":26,"namobj":"Rabi Jonggor","fcode":"BA03070040","remark":"-","metadata":"METADATA_IGT_BATASDESA_2024","srs_id":"-","kdbbps":"-","kdpumdes":"13.12.06.2002","kdpumkec":"13.12.06","kdpumkab":"13.12","kdpumprov":"13","luaswh":"-","tipadm":"Desa"}},{"type":"Feature","id":27,"geometry":null,"properties":{"objectid":27,"namobj":"Parit","fcode":"BA03070040","remark":"Batas Desa belum sesuai dengan garis pantai BIG","metadata":"METADATA_IGT_BATASDESA_2024","srs_id":"-","kdbbps":"-","kdpumdes":"13.12.08.2001","kdpumkec":"13.12.08","kdpumkab":"13.12","kdpumprov":"13","luaswh":"-","tipadm":"Desa"}},{"type":"Feature","id":28,"geometry":null,"properties":{"objectid":28,"namobj":"Sungai Aua","fcode":"BA03070040","remark":"Batas Desa belum sesuai dengan garis pantai BIG","metadata":"METADATA_IGT_BATASDESA_2024","srs_id":"-","kdbbps":"-","kdpumdes":"13.12.09.2001","kdpumkec":"13.12.09","kdpumkab":"13.12","kdpumprov":"13","luaswh":"-","tipadm":"Desa"}},{"type":"Feature","id":30,"geometry":null,"properties":{"objectid":30,"namobj":"Batahan","fcode":"BA03070040","remark":"-","metadata":"METADATA_IGT_BATASDESA_2024","srs_id":"-","kdbbps":"-","kdpumdes":"13.12.07.2001","kdpumkec":"13.12.07","kdpumkab":"13.12","kdpumprov":"13","luaswh":"-","tipadm":"Desa"}},{"type":"Feature","id":31,"geometry":null,"properties":{"objectid":31,"namobj":"Padang Laweh","fcode":"BA03070040","remark":"-","metadata":"METADATA_IGT_BATASDESA_2024","srs_id":"-","kdbbps":"-","kdpumdes":"13.03.08.2004","kdpumkec":"13.03.08","kdpumkab":"13.03","kdpumprov":"13","luaswh":"-","tipadm":"Desa"}},{"type":"Feature","id":35,"geometry":null,"properties":{"objectid":35,"namobj":"Pujud","fcode":"BA03070040","remark":"-","metadata":"METADATA_IGT_BATASDESA_2024","srs_id":"-","kdbbps":"-","kdpumdes":"14.07.08.2002","kdpumkec":"14.07.08","kdpumkab":"14.07","kdpumprov":"14","luaswh":"-","tipadm":"Desa"}},{"type":"Feature","id":254,"geometry":null,"properties":{"objectid":254,"namobj":"Walangkir","fcode":"BA03070040","remark":"-","metadata":"METADATA_IGT_BATASDESA_2024","srs_id":"-","kdbbps":"-","kdpumdes":"63.09.03.2003","kdpumkec":"63.09.03","kdpumkab":"63.09","kdpumprov":"63","luaswh":"-","tipadm":"Desa"}},{"type":"Feature","id":434,"geometry":null,"properties":{"objectid":434,"namobj":"Karya Jaya","fcode":"BA03070040","remark":"-","metadata":"METADATA_IGT_BATASDESA_2024","srs_id":"-","kdbbps":"-","kdpumdes":"16.02.20.2017","kdpumkec":"16.02.20","kdpumkab":"16.02","kdpumprov":"16","luaswh":"-","tipadm":"Desa"}},{"type":"Feature","id":32,"geometry":null,"properties":{"objectid":32,"namobj":"Teluk Nayang","fcode":"BA03070040","remark":"-","metadata":"METADATA_IGT_BATASDESA_2024","srs_id":"-","kdbbps":"-","kdpumdes":"14.07.08.2001","kdpumkec":"14.07.08","kdpumkab":"14.07","kdpumprov":"14","luaswh":"-","tipadm":"Desa"}},{"type":"Feature","id":33,"geometry":null,"properties":{"objectid":33,"namobj":"Tanjung Medan","fcode":"BA03070040","remark":"-","metadata":"METADATA_IGT_BATASDESA_2024","srs_id":"-","kdbbps":"-","kdpumdes":"14.07.16.2001","kdpumkec":"14.07.16","kdpumkab":"14.07","kdpumprov":"14","luaswh":"-","tipadm":"Desa"}},{"type":"Feature","id":223,"geometry":null,"properties":{"objectid":223,"namobj":"Binturu","fcode":"BA03070040","remark":"-","metadata":"METADATA_IGT_BATASDESA_2024","srs_id":"-","kdbbps":"-","kdpumdes":"63.09.02.2005","kdpumkec":"63.09.02","kdpumkab":"63.09","kdpumprov":"63","luaswh":"-","tipadm":"Desa"}},{"type":"Feature","id":34,"geometry":null,"properties":{"objectid":34,"namobj":"Siarang-Arang","fcode":"BA03070040","remark":"-","metadata":"METADATA_IGT_BATASDESA_2024","srs_id":"-","kdbbps":"-","kdpumdes":"14.07.08.2008","kdpumkec":"14.07.08","kdpumkab":"14.07","kdpumprov":"14","luaswh":"-","tipadm":"Desa"}},{"type":"Feature","id":255,"geometry":null,"properties":{"objectid":255,"namobj":"Madang","fcode":"BA03070040","remark":"-","metadata":"METADATA_IGT_BATASDESA_2024","srs_id":"-","kdbbps":"-","kdpumdes":"63.09.08.2001","kdpumkec":"63.09.08","kdpumkab":"63.09","kdpumprov":"63","luaswh":"-","tipadm":"Desa"}},{"type":"Feature","id":36,"geometry":null,"properties":{"objectid":36,"namobj":"Panca Mukti","fcode":"BA03070040","remark":"-","metadata":"METADATA_IGT_BATASDESA_2024","srs_id":"-","kdbbps":"-","kdpumdes":"14.07.17.2007","kdpumkec":"14.07.17","kdpumkab":"14.07","kdpumprov":"14","luaswh":"-","tipadm":"Desa"}},{"type":"Feature","id":97,"geometry":null,"properties":{"objectid":97,"namobj":"Seponti Jaya","fcode":"BA03070040","remark":"-","metadata":"METADATA_IGT_BATASDESA_2024","srs_id":"-","kdbbps":"-","kdpumdes":"61.11.05.2001","kdpumkec":"61.11.05","kdpumkab":"61.11","kdpumprov":"61","luaswh":"-","tipadm":"Desa"}},{"type":"Feature","id":100,"geometry":null,"properties":{"objectid":100,"namobj":"Sungaipaduan","fcode":"BA03070040","remark":"Batas Desa belum sesuai dengan garis pantai BIG","metadata":"METADATA_IGT_BATASDESA_2024","srs_id":"-","kdbbps":"-","kdpumdes":"61.11.03.2004","kdpumkec":"61.11.03","kdpumkab":"61.11","kdpumprov":"61","luaswh":"-","tipadm":"Desa"}},{"type":"Feature","id":102,"geometry":null,"properties":{"objectid":102,"namobj":"Sutera","fcode":"BA03070040","remark":"Batas Desa belum sesuai dengan garis pantai BIG","metadata":"METADATA_IGT_BATASDESA_2024","srs_id":"-","kdbbps":"-","kdpumdes":"61.11.01.2001","kdpumkec":"61.11.01","kdpumkab":"61.11","kdpumprov":"61","luaswh":"-","tipadm":"Desa"}},{"type":"Feature","id":103,"geometry":null,"properties":{"objectid":103,"namobj":"Tanjungsatai","fcode":"BA03070040","remark":"Batas Desa belum sesuai dengan garis pantai BIG","metadata":"METADATA_IGT_BATASDESA_2024","srs_id":"-","kdbbps":"-","kdpumdes":"61.11.04.2001","kdpumkec":"61.11.04","kdpumkab":"61.11","kdpumprov":"61","luaswh":"-","tipadm":"Desa"}},{"type":"Feature","id":374,"geometry":null,"properties":{"objectid":374,"namobj":"Tebing Suluh","fcode":"BA03070040","remark":"-","metadata":"METADATA_IGT_BATASDESA_2024","srs_id":"-","kdbbps":"-","kdpumdes":"16.02.13.2005","kdpumkec":"16.02.13","kdpumkab":"16.02","kdpumprov":"16","luaswh":"-","tipadm":"Desa"}},{"type":"Feature","id":79,"geometry":null,"properties":{"objectid":79,"namobj":"Mas Bangun","fcode":"BA03070040","remark":"Batas Desa belum sesuai dengan garis pantai BIG","metadata":"METADATA_IGT_BATASDESA_2024","srs_id":"-","kdbbps":"-","kdpumdes":"61.11.03.2001","kdpumkec":"61.11.03","kdpumkab":"61.11","kdpumprov":"61","luaswh":"-","tipadm":"Desa"}},{"type":"Feature","id":384,"geometry":null,"properties":{"objectid":384,"namobj":"Muktisari","fcode":"BA03070040","remark":"-","metadata":"METADATA_IGT_BATASDESA_2024","srs_id":"-","kdbbps":"-","kdpumdes":"16.02.22.2006","kdpumkec":"16.02.22","kdpumkab":"16.02","kdpumprov":"16","luaswh":"-","tipadm":"Desa"}},{"type":"Feature","id":385,"geometry":null,"properties":{"objectid":385,"namobj":"Tania Makmur","fcode":"BA03070040","remark":"-","metadata":"METADATA_IGT_BATASDESA_2024","srs_id":"-","kdbbps":"-","kdpumdes":"16.02.22.2007","kdpumkec":"16.02.22","kdpumkab":"16.02","kdpumprov":"16","luaswh":"-","tipadm":"Desa"}},{"type":"Feature","id":82,"geometry":null,"properties":{"objectid":82,"namobj":"Nipah Kuning","fcode":"BA03070040","remark":"Batas Desa belum sesuai dengan garis pantai BIG","metadata":"METADATA_IGT_BATASDESA_2024","srs_id":"-","kdbbps":"-","kdpumdes":"61.11.02.2002","kdpumkec":"61.11.02","kdpumkab":"61.11","kdpumprov":"61","luaswh":"-","tipadm":"Desa"}},{"type":"Feature","id":83,"geometry":null,"properties":{"objectid":83,"namobj":"Padang","fcode":"BA03070040","remark":"Batas Desa belum sesuai dengan garis pantai BIG","metadata":"METADATA_IGT_BATASDESA_2024","srs_id":"-","kdbbps":"-","kdpumdes":"61.11.06.2003","kdpumkec":"61.11.06","kdpumkab":"61.11","kdpumprov":"61","luaswh":"-","tipadm":"Desa"}},{"type":"Feature","id":84,"geometry":null,"properties":{"objectid":84,"namobj":"Padu Banjar","fcode":"BA03070040","remark":"Batas Desa belum sesuai dengan garis pantai BIG","metadata":"METADATA_IGT_BATASDESA_2024","srs_id":"-","kdbbps":"-","kdpumdes":"61.11.02.2004","kdpumkec":"61.11.02","kdpumkab":"61.11","kdpumprov":"61","luaswh":"-","tipadm":"Desa"}},{"type":"Feature","id":85,"geometry":null,"properties":{"objectid":85,"namobj":"Pampang Harapan","fcode":"BA03070040","remark":"Batas Desa belum sesuai dengan garis pantai BIG","metadata":"METADATA_IGT_BATASDESA_2024","srs_id":"-","kdbbps":"-","kdpumdes":"61.11.01.2007","kdpumkec":"61.11.01","kdpumkab":"61.11","kdpumprov":"61","luaswh":"-","tipadm":"Desa"}},{"type":"Feature","id":538,"geometry":null,"properties":{"objectid":538,"namobj":"Gading Mas","fcode":"BA03070040","remark":"-","metadata":"METADATA_IGT_BATASDESA_2024","srs_id":"-","kdbbps":"-","kdpumdes":"16.02.15.2018","kdpumkec":"16.02.15","kdpumkab":"16.02","kdpumprov":"16","luaswh":"-","tipadm":"Desa"}},{"type":"Feature","id":86,"geometry":null,"properties":{"objectid":86,"namobj":"Pangkalan Buton","fcode":"BA03070040","remark":"-","metadata":"METADATA_IGT_BATASDESA_2024","srs_id":"-","kdbbps":"-","kdpumdes":"61.11.01.2002","kdpumkec":"61.11.01","kdpumkab":"61.11","kdpumprov":"61","luaswh":"-","tipadm":"Desa"}},{"type":"Feature","id":87,"geometry":null,"properties":{"objectid":87,"namobj":"Pelapis","fcode":"BA03070040","remark":"Batas Desa belum sesuai dengan garis pantai BIG","metadata":"METADATA_IGT_BATASDESA_2024","srs_id":"-","kdbbps":"-","kdpumdes":"61.11.06.2001","kdpumkec":"61.11.06","kdpumkab":"61.11","kdpumprov":"61","luaswh":"-","tipadm":"Desa"}},{"type":"Feature","id":89,"geometry":null,"properties":{"objectid":89,"namobj":"Penjalaan","fcode":"BA03070040","remark":"-","metadata":"METADATA_IGT_BATASDESA_2024","srs_id":"-","kdbbps":"-","kdpumdes":"61.11.02.2005","kdpumkec":"61.11.02","kdpumkab":"61.11","kdpumprov":"61","luaswh":"-","tipadm":"Desa"}},{"type":"Feature","id":90,"geometry":null,"properties":{"objectid":90,"namobj":"Podorukun","fcode":"BA03070040","remark":"Batas Desa belum sesuai dengan garis pantai BIG","metadata":"METADATA_IGT_BATASDESA_2024","srs_id":"-","kdbbps":"-","kdpumdes":"61.11.05.2004","kdpumkec":"61.11.05","kdpumkab":"61.11","kdpumprov":"61","luaswh":"-","tipadm":"Desa"}},{"type":"Feature","id":605,"geometry":null,"properties":{"objectid":605,"namobj":"Cambai","fcode":"BA03070040","remark":"-","metadata":"METADATA_IGT_BATASDESA_2024","srs_id":"-","kdbbps":"-","kdpumdes":"16.02.11.2006","kdpumkec":"16.02.11","kdpumkab":"16.02","kdpumprov":"16","luaswh":"-","tipadm":"Desa"}},{"type":"Feature","id":104,"geometry":null,"properties":{"objectid":104,"namobj":"Telaga Arum","fcode":"BA03070040","remark":"-","metadata":"METADATA_IGT_BATASDESA_2024","srs_id":"-","kdbbps":"-","kdpumdes":"61.11.05.2002","kdpumkec":"61.11.05","kdpumkab":"61.11","kdpumprov":"61","luaswh":"-","tipadm":"Desa"}},{"type":"Feature","id":49,"geometry":null,"properties":{"objectid":49,"namobj":"Gema","fcode":"BA03070040","remark":"-","metadata":"METADATA_IGT_BATASDESA_2024","srs_id":"-","kdbbps":"-","kdpumdes":"14.01.09.2001","kdpumkec":"14.01.09","kdpumkab":"14.01","kdpumprov":"14","luaswh":"-","tipadm":"Desa"}},{"type":"Feature","id":50,"geometry":null,"properties":{"objectid":50,"namobj":"Gajah Bertalut","fcode":"BA03070040","remark":"-","metadata":"METADATA_IGT_BATASDESA_2024","srs_id":"-","kdbbps":"-","kdpumdes":"14.01.09.2013","kdpumkec":"14.01.09","kdpumkab":"14.01","kdpumprov":"14","luaswh":"-","tipadm":"Desa"}},{"type":"Feature","id":51,"geometry":null,"properties":{"objectid":51,"namobj":"Dua Sepakat","fcode":"BA03070040","remark":"-","metadata":"METADATA_IGT_BATASDESA_2024","srs_id":"-","kdbbps":"-","kdpumdes":"14.01.09.2016","kdpumkec":"14.01.09","kdpumkab":"14.01","kdpumprov":"14","luaswh":"-","tipadm":"Desa"}},{"type":"Feature","id":52,"geometry":null,"properties":{"objectid":52,"namobj":"Deras Tajak","fcode":"BA03070040","remark":"-","metadata":"METADATA_IGT_BATASDESA_2024","srs_id":"-","kdbbps":"-","kdpumdes":"14.01.09.2018","kdpumkec":"14.01.09","kdpumkab":"14.01","kdpumprov":"14","luaswh":"-","tipadm":"Desa"}},{"type":"Feature","id":53,"geometry":null,"properties":{"objectid":53,"namobj":"Aur Kuning","fcode":"BA03070040","remark":"-","metadata":"METADATA_IGT_BATASDESA_2024","srs_id":"-","kdbbps":"-","kdpumdes":"14.01.09.2006","kdpumkec":"14.01.09","kdpumkab":"14.01","kdpumprov":"14","luaswh":"-","tipadm":"Desa"}},{"type":"Feature","id":606,"geometry":null,"properties":{"objectid":606,"namobj":"Simpang Tiga Sakti","fcode":"BA03070040","remark":"Batas Desa belum sesuai dengan garis pantai BIG","metadata":"METADATA_IGT_BATASDESA_2024","srs_id":"-","kdbbps":"-","kdpumdes":"16.02.11.2018","kdpumkec":"16.02.11","kdpumkab":"16.02","kdpumprov":"16","luaswh":"-","tipadm":"Desa"}},{"type":"Feature","id":105,"geometry":null,"properties":{"objectid":105,"namobj":"Teluk Melano","fcode":"BA03070040","remark":"-","metadata":"METADATA_IGT_BATASDESA_2024","srs_id":"-","kdbbps":"-","kdpumdes":"61.11.02.2001","kdpumkec":"61.11.02","kdpumkab":"61.11","kdpumprov":"61","luaswh":"-","tipadm":"Desa"}},{"type":"Feature","id":224,"geometry":null,"properties":{"objectid":224,"namobj":"Karangan Putih","fcode":"BA03070040","remark":"-","metadata":"METADATA_IGT_BATASDESA_2024","srs_id":"-","kdbbps":"-","kdpumdes":"63.09.02.2011","kdpumkec":"63.09.02","kdpumkab":"63.09","kdpumprov":"63","luaswh":"-","tipadm":"Desa"}},{"type":"Feature","id":42,"geometry":null,"properties":{"objectid":42,"namobj":"Air Hitam","fcode":"BA03070040","remark":"-","metadata":"METADATA_IGT_BATASDESA_2024","srs_id":"-","kdbbps":"-","kdpumdes":"14.07.08.2003","kdpumkec":"14.07.08","kdpumkab":"14.07","kdpumprov":"14","luaswh":"-","tipadm":"Desa"}},{"type":"Feature","id":43,"geometry":null,"properties":{"objectid":43,"namobj":"Tanjung Permai","fcode":"BA03070040","remark":"-","metadata":"METADATA_IGT_BATASDESA_2024","srs_id":"-","kdbbps":"-","kdpumdes":"14.01.09.2021","kdpumkec":"14.01.09","kdpumkab":"14.01","kdpumprov":"14","luaswh":"-","tipadm":"Desa"}},{"type":"Feature","id":44,"geometry":null,"properties":{"objectid":44,"namobj":"Tanjung Beringin","fcode":"BA03070040","remark":"-","metadata":"METADATA_IGT_BATASDESA_2024","srs_id":"-","kdbbps":"-","kdpumdes":"14.01.09.2012","kdpumkec":"14.01.09","kdpumkab":"14.01","kdpumprov":"14","luaswh":"-","tipadm":"Desa"}},{"type":"Feature","id":46,"geometry":null,"properties":{"objectid":46,"namobj":"Ludai","fcode":"BA03070040","remark":"-","metadata":"METADATA_IGT_BATASDESA_2024","srs_id":"-","kdbbps":"-","kdpumdes":"14.01.09.2007","kdpumkec":"14.01.09","kdpumkab":"14.01","kdpumprov":"14","luaswh":"-","tipadm":"Desa"}},{"type":"Feature","id":47,"geometry":null,"properties":{"objectid":47,"namobj":"Lubuk Bigau","fcode":"BA03070040","remark":"-","metadata":"METADATA_IGT_BATASDESA_2024","srs_id":"-","kdbbps":"-","kdpumdes":"14.01.09.2024","kdpumkec":"14.01.09","kdpumkab":"14.01","kdpumprov":"14","luaswh":"-","tipadm":"Desa"}},{"type":"Feature","id":54,"geometry":null,"properties":{"objectid":54,"namobj":"Sungai Aur","fcode":"BA03070040","remark":"-","metadata":"METADATA_IGT_BATASDESA_2024","srs_id":"-","kdbbps":"-","kdpumdes":"15.05.03.2009","kdpumkec":"15.05.03","kdpumkab":"15.05","kdpumprov":"15","luaswh":"-","tipadm":"Desa"}},{"type":"Feature","id":55,"geometry":null,"properties":{"objectid":55,"namobj":"Jebus","fcode":"BA03070040","remark":"-","metadata":"METADATA_IGT_BATASDESA_2024","srs_id":"-","kdbbps":"-","kdpumdes":"15.05.03.2010","kdpumkec":"15.05.03","kdpumkab":"15.05","kdpumprov":"15","luaswh":"-","tipadm":"Desa"}},{"type":"Feature","id":60,"geometry":null,"properties":{"objectid":60,"namobj":"Ramin","fcode":"BA03070040","remark":"-","metadata":"METADATA_IGT_BATASDESA_2024","srs_id":"-","kdbbps":"-","kdpumdes":"15.05.06.2012","kdpumkec":"15.05.06","kdpumkab":"15.05","kdpumprov":"15","luaswh":"-","tipadm":"Desa"}},{"type":"Feature","id":61,"geometry":null,"properties":{"objectid":61,"namobj":"Lopak Alai","fcode":"BA03070040","remark":"-","metadata":"METADATA_IGT_BATASDESA_2024","srs_id":"-","kdbbps":"-","kdpumdes":"15.05.06.2010","kdpumkec":"15.05.06","kdpumkab":"15.05","kdpumprov":"15","luaswh":"-","tipadm":"Desa"}},{"type":"Feature","id":63,"geometry":null,"properties":{"objectid":63,"namobj":"Pudak","fcode":"BA03070040","remark":"-","metadata":"METADATA_IGT_BATASDESA_2024","srs_id":"-","kdbbps":"-","kdpumdes":"15.05.06.2001","kdpumkec":"15.05.06","kdpumkab":"15.05","kdpumprov":"15","luaswh":"-","tipadm":"Desa"}},{"type":"Feature","id":64,"geometry":null,"properties":{"objectid":64,"namobj":"Muara Kumpeh","fcode":"BA03070040","remark":"-","metadata":"METADATA_IGT_BATASDESA_2024","srs_id":"-","kdbbps":"-","kdpumdes":"15.05.06.2002","kdpumkec":"15.05.06","kdpumkab":"15.05","kdpumprov":"15","luaswh":"-","tipadm":"Desa"}},{"type":"Feature","id":65,"geometry":null,"properties":{"objectid":65,"namobj":"Kasang Kumpeh","fcode":"BA03070040","remark":"-","metadata":"METADATA_IGT_BATASDESA_2024","srs_id":"-","kdbbps":"-","kdpumdes":"15.05.06.2023","kdpumkec":"15.05.06","kdpumkab":"15.05","kdpumprov":"15","luaswh":"-","tipadm":"Desa"}},{"type":"Feature","id":66,"geometry":null,"properties":{"objectid":66,"namobj":"Kasang Kota Karang","fcode":"BA03070040","remark":"-","metadata":"METADATA_IGT_BATASDESA_2024","srs_id":"-","kdbbps":"-","kdpumdes":"15.05.06.2024","kdpumkec":"15.05.06","kdpumkab":"15.05","kdpumprov":"15","luaswh":"-","tipadm":"Desa"}},{"type":"Feature","id":204,"geometry":null,"properties":{"objectid":204,"namobj":"Masintan","fcode":"BA03070040","remark":"-","metadata":"METADATA_IGT_BATASDESA_2024","srs_id":"-","kdbbps":"-","kdpumdes":"63.09.02.2008","kdpumkec":"63.09.02","kdpumkab":"63.09","kdpumprov":"63","luaswh":"-","tipadm":"Desa"}},{"type":"Feature","id":205,"geometry":null,"properties":{"objectid":205,"namobj":"Pudak Setegal","fcode":"BA03070040","remark":"-","metadata":"METADATA_IGT_BATASDESA_2024","srs_id":"-","kdbbps":"-","kdpumdes":"63.09.02.2006","kdpumkec":"63.09.02","kdpumkab":"63.09","kdpumprov":"63","luaswh":"-","tipadm":"Desa"}},{"type":"Feature","id":67,"geometry":null,"properties":{"objectid":67,"namobj":"Alur Bandung","fcode":"BA03070040","remark":"Batas Desa belum sesuai dengan garis pantai BIG","metadata":"METADATA_IGT_BATASDESA_2024","srs_id":"-","kdbbps":"-","kdpumdes":"61.11.03.2002","kdpumkec":"61.11.03","kdpumkab":"61.11","kdpumprov":"61","luaswh":"-","tipadm":"Desa"}},{"type":"Feature","id":68,"geometry":null,"properties":{"objectid":68,"namobj":"Banyu Abang","fcode":"BA03070040","remark":"-","metadata":"METADATA_IGT_BATASDESA_2024","srs_id":"-","kdbbps":"-","kdpumdes":"61.11.03.2005","kdpumkec":"61.11.03","kdpumkab":"61.11","kdpumprov":"61","luaswh":"-","tipadm":"Desa"}},{"type":"Feature","id":69,"geometry":null,"properties":{"objectid":69,"namobj":"Batu Barat","fcode":"BA03070040","remark":"-","metadata":"METADATA_IGT_BATASDESA_2024","srs_id":"-","kdbbps":"-","kdpumdes":"61.11.02.2007","kdpumkec":"61.11.02","kdpumkab":"61.11","kdpumprov":"61","luaswh":"-","tipadm":"Desa"}},{"type":"Feature","id":70,"geometry":null,"properties":{"objectid":70,"namobj":"Benawai Agung","fcode":"BA03070040","remark":"-","metadata":"METADATA_IGT_BATASDESA_2024","srs_id":"-","kdbbps":"-","kdpumdes":"61.11.01.2005","kdpumkec":"61.11.01","kdpumkab":"61.11","kdpumprov":"61","luaswh":"-","tipadm":"Desa"}},{"type":"Feature","id":71,"geometry":null,"properties":{"objectid":71,"namobj":"Betok Jaya","fcode":"BA03070040","remark":"Batas Desa belum sesuai dengan garis pantai BIG","metadata":"METADATA_IGT_BATASDESA_2024","srs_id":"-","kdbbps":"-","kdpumdes":"61.11.06.2002","kdpumkec":"61.11.06","kdpumkab":"61.11","kdpumprov":"61","luaswh":"-","tipadm":"Desa"}},{"type":"Feature","id":73,"geometry":null,"properties":{"objectid":73,"namobj":"Dusun Besar","fcode":"BA03070040","remark":"Batas Desa belum sesuai dengan garis pantai BIG","metadata":"METADATA_IGT_BATASDESA_2024","srs_id":"-","kdbbps":"-","kdpumdes":"61.11.04.2004","kdpumkec":"61.11.04","kdpumkab":"61.11","kdpumprov":"61","luaswh":"-","tipadm":"Desa"}},{"type":"Feature","id":74,"geometry":null,"properties":{"objectid":74,"namobj":"Dusun Kecil","fcode":"BA03070040","remark":"Batas Desa belum sesuai dengan garis pantai BIG","metadata":"METADATA_IGT_BATASDESA_2024","srs_id":"-","kdbbps":"-","kdpumdes":"61.11.04.2003","kdpumkec":"61.11.04","kdpumkab":"61.11","kdpumprov":"61","luaswh":"-","tipadm":"Desa"}},{"type":"Feature","id":206,"geometry":null,"properties":{"objectid":206,"namobj":"Purai","fcode":"BA03070040","remark":"-","metadata":"METADATA_IGT_BATASDESA_2024","srs_id":"-","kdbbps":"-","kdpumdes":"63.09.01.2009","kdpumkec":"63.09.01","kdpumkab":"63.09","kdpumprov":"63","luaswh":"-","tipadm":"Desa"}},{"type":"Feature","id":207,"geometry":null,"properties":{"objectid":207,"namobj":"Banua Rantau","fcode":"BA03070040","remark":"-","metadata":"METADATA_IGT_BATASDESA_2024","srs_id":"-","kdbbps":"-","kdpumdes":"63.09.01.2008","kdpumkec":"63.09.01","kdpumkab":"63.09","kdpumprov":"63","luaswh":"-","tipadm":"Desa"}},{"type":"Feature","id":208,"geometry":null,"properties":{"objectid":208,"namobj":"Bungin","fcode":"BA03070040","remark":"-","metadata":"METADATA_IGT_BATASDESA_2024","srs_id":"-","kdbbps":"-","kdpumdes":"63.09.01.2012","kdpumkec":"63.09.01","kdpumkab":"63.09","kdpumprov":"63","luaswh":"-","tipadm":"Desa"}},{"type":"Feature","id":75,"geometry":null,"properties":{"objectid":75,"namobj":"Gunungsembilan","fcode":"BA03070040","remark":"Batas Desa belum sesuai dengan garis pantai BIG","metadata":"METADATA_IGT_BATASDESA_2024","srs_id":"-","kdbbps":"-","kdpumdes":"61.11.01.2009","kdpumkec":"61.11.01","kdpumkab":"61.11","kdpumprov":"61","luaswh":"-","tipadm":"Desa"}},{"type":"Feature","id":77,"geometry":null,"properties":{"objectid":77,"namobj":"Kemboja","fcode":"BA03070040","remark":"Batas Desa belum sesuai dengan garis pantai BIG","metadata":"METADATA_IGT_BATASDESA_2024","srs_id":"-","kdbbps":"-","kdpumdes":"61.11.04.2002","kdpumkec":"61.11.04","kdpumkab":"61.11","kdpumprov":"61","luaswh":"-","tipadm":"Desa"}},{"type":"Feature","id":94,"geometry":null,"properties":{"objectid":94,"namobj":"Satai Lestari","fcode":"BA03070040","remark":"Batas Desa belum sesuai dengan garis pantai BIG","metadata":"METADATA_IGT_BATASDESA_2024","srs_id":"-","kdbbps":"-","kdpumdes":"61.11.04.2006","kdpumkec":"61.11.04","kdpumkab":"61.11","kdpumprov":"61","luaswh":"-","tipadm":"Desa"}},{"type":"Feature","id":98,"geometry":null,"properties":{"objectid":98,"namobj":"Simpang Tiga","fcode":"BA03070040","remark":"Batas Desa belum sesuai dengan garis pantai BIG","metadata":"METADATA_IGT_BATASDESA_2024","srs_id":"-","kdbbps":"-","kdpumdes":"61.11.01.2004","kdpumkec":"61.11.01","kdpumkab":"61.11","kdpumprov":"61","luaswh":"-","tipadm":"Desa"}},{"type":"Feature","id":209,"geometry":null,"properties":{"objectid":209,"namobj":"Hariang","fcode":"BA03070040","remark":"-","metadata":"METADATA_IGT_BATASDESA_2024","srs_id":"-","kdbbps":"-","kdpumdes":"63.09.01.2005","kdpumkec":"63.09.01","kdpumkab":"63.09","kdpumprov":"63","luaswh":"-","tipadm":"Desa"}},{"type":"Feature","id":211,"geometry":null,"properties":{"objectid":211,"namobj":"Halangan","fcode":"BA03070040","remark":"-","metadata":"METADATA_IGT_BATASDESA_2024","srs_id":"-","kdbbps":"-","kdpumdes":"63.09.09.2006","kdpumkec":"63.09.09","kdpumkab":"63.09","kdpumprov":"63","luaswh":"-","tipadm":"Desa"}},{"type":"Feature","id":109,"geometry":null,"properties":{"objectid":109,"namobj":"Wonorejo","fcode":"BA03070040","remark":"-","metadata":"METADATA_IGT_BATASDESA_2024","srs_id":"-","kdbbps":"-","kdpumdes":"61.11.05.2003","kdpumkec":"61.11.05","kdpumkab":"61.11","kdpumprov":"61","luaswh":"-","tipadm":"Desa"}},{"type":"Feature","id":110,"geometry":null,"properties":{"objectid":110,"namobj":"Bongancina","fcode":"BA03070040","remark":"-","metadata":"METADATA_IGT_BATASDESA_2024","srs_id":"-","kdbbps":"-","kdpumdes":"51.08.03.2003","kdpumkec":"51.08.03","kdpumkab":"51.08","kdpumprov":"51","luaswh":"-","tipadm":"Desa"}},{"type":"Feature","id":112,"geometry":null,"properties":{"objectid":112,"namobj":"Pucaksari","fcode":"BA03070040","remark":"-","metadata":"METADATA_IGT_BATASDESA_2024","srs_id":"-","kdbbps":"-","kdpumdes":"51.08.03.2004","kdpumkec":"51.08.03","kdpumkab":"51.08","kdpumprov":"51","luaswh":"-","tipadm":"Desa"}},{"type":"Feature","id":113,"geometry":null,"properties":{"objectid":113,"namobj":"Umejero","fcode":"BA03070040","remark":"-","metadata":"METADATA_IGT_BATASDESA_2024","srs_id":"-","kdbbps":"-","kdpumdes":"51.08.03.2014","kdpumkec":"51.08.03","kdpumkab":"51.08","kdpumprov":"51","luaswh":"-","tipadm":"Desa"}},{"type":"Feature","id":114,"geometry":null,"properties":{"objectid":114,"namobj":"Kedis","fcode":"BA03070040","remark":"-","metadata":"METADATA_IGT_BATASDESA_2024","srs_id":"-","kdbbps":"-","kdpumdes":"51.08.03.2009","kdpumkec":"51.08.03","kdpumkab":"51.08","kdpumprov":"51","luaswh":"-","tipadm":"Desa"}},{"type":"Feature","id":116,"geometry":null,"properties":{"objectid":116,"namobj":"Bengkel","fcode":"BA03070040","remark":"-","metadata":"METADATA_IGT_BATASDESA_2024","srs_id":"-","kdbbps":"-","kdpumdes":"51.08.03.2013","kdpumkec":"51.08.03","kdpumkab":"51.08","kdpumprov":"51","luaswh":"-","tipadm":"Desa"}},{"type":"Feature","id":119,"geometry":null,"properties":{"objectid":119,"namobj":"Pelapuan","fcode":"BA03070040","remark":"-","metadata":"METADATA_IGT_BATASDESA_2024","srs_id":"-","kdbbps":"-","kdpumdes":"51.08.03.2012","kdpumkec":"51.08.03","kdpumkab":"51.08","kdpumprov":"51","luaswh":"-","tipadm":"Desa"}},{"type":"Feature","id":120,"geometry":null,"properties":{"objectid":120,"namobj":"Gunungsari","fcode":"BA03070040","remark":"-","metadata":"METADATA_IGT_BATASDESA_2024","srs_id":"-","kdbbps":"-","kdpumdes":"51.08.02.2006","kdpumkec":"51.08.02","kdpumkab":"51.08","kdpumprov":"51","luaswh":"-","tipadm":"Desa"}},{"type":"Feature","id":121,"geometry":null,"properties":{"objectid":121,"namobj":"Tirtasari","fcode":"BA03070040","remark":"-","metadata":"METADATA_IGT_BATASDESA_2024","srs_id":"-","kdbbps":"-","kdpumdes":"51.08.04.2002","kdpumkec":"51.08.04","kdpumkab":"51.08","kdpumprov":"51","luaswh":"-","tipadm":"Desa"}},{"type":"Feature","id":122,"geometry":null,"properties":{"objectid":122,"namobj":"Munduk","fcode":"BA03070040","remark":"-","metadata":"METADATA_IGT_BATASDESA_2024","srs_id":"-","kdbbps":"-","kdpumdes":"51.08.04.2006","kdpumkec":"51.08.04","kdpumkab":"51.08","kdpumprov":"51","luaswh":"-","tipadm":"Desa"}},{"type":"Feature","id":123,"geometry":null,"properties":{"objectid":123,"namobj":"Busungbiu","fcode":"BA03070040","remark":"-","metadata":"METADATA_IGT_BATASDESA_2024","srs_id":"-","kdbbps":"-","kdpumdes":"51.08.03.2011","kdpumkec":"51.08.03","kdpumkab":"51.08","kdpumprov":"51","luaswh":"-","tipadm":"Desa"}},{"type":"Feature","id":124,"geometry":null,"properties":{"objectid":124,"namobj":"Pancasari","fcode":"BA03070040","remark":"-","metadata":"METADATA_IGT_BATASDESA_2024","srs_id":"-","kdbbps":"-","kdpumdes":"51.08.05.2001","kdpumkec":"51.08.05","kdpumkab":"51.08","kdpumprov":"51","luaswh":"-","tipadm":"Desa"}},{"type":"Feature","id":125,"geometry":null,"properties":{"objectid":125,"namobj":"Rangdu","fcode":"BA03070040","remark":"-","metadata":"METADATA_IGT_BATASDESA_2024","srs_id":"-","kdbbps":"-","kdpumdes":"51.08.02.2004","kdpumkec":"51.08.02","kdpumkab":"51.08","kdpumprov":"51","luaswh":"-","tipadm":"Desa"}},{"type":"Feature","id":126,"geometry":null,"properties":{"objectid":126,"namobj":"Ringdikit","fcode":"BA03070040","remark":"-","metadata":"METADATA_IGT_BATASDESA_2024","srs_id":"-","kdbbps":"-","kdpumdes":"51.08.02.2003","kdpumkec":"51.08.02","kdpumkab":"51.08","kdpumprov":"51","luaswh":"-","tipadm":"Desa"}},{"type":"Feature","id":129,"geometry":null,"properties":{"objectid":129,"namobj":"Joanyar","fcode":"BA03070040","remark":"-","metadata":"METADATA_IGT_BATASDESA_2024","srs_id":"-","kdbbps":"-","kdpumdes":"51.08.02.2010","kdpumkec":"51.08.02","kdpumkab":"51.08","kdpumprov":"51","luaswh":"-","tipadm":"Desa"}},{"type":"Feature","id":212,"geometry":null,"properties":{"objectid":212,"namobj":"Sungai Rukam II","fcode":"BA03070040","remark":"-","metadata":"METADATA_IGT_BATASDESA_2024","srs_id":"-","kdbbps":"-","kdpumdes":"63.09.09.2003","kdpumkec":"63.09.09","kdpumkab":"63.09","kdpumprov":"63","luaswh":"-","tipadm":"Desa"}},{"type":"Feature","id":235,"geometry":null,"properties":{"objectid":235,"namobj":"Waling","fcode":"BA03070040","remark":"-","metadata":"METADATA_IGT_BATASDESA_2024","srs_id":"-","kdbbps":"-","kdpumdes":"63.09.12.2001","kdpumkec":"63.09.12","kdpumkab":"63.09","kdpumprov":"63","luaswh":"-","tipadm":"Desa"}},{"type":"Feature","id":142,"geometry":null,"properties":{"objectid":142,"namobj":"Penyambangan","fcode":"BA03070040","remark":"Batas Desa belum sesuai dengan garis pantai BIG","metadata":"METADATA_IGT_BATASDESA_2024","srs_id":"-","kdbbps":"-","kdpumdes":"51.08.01.2006","kdpumkec":"51.08.01","kdpumkab":"51.08","kdpumprov":"51","luaswh":"-","tipadm":"Desa"}},{"type":"Feature","id":143,"geometry":null,"properties":{"objectid":143,"namobj":"Tegallinggah","fcode":"BA03070040","remark":"-","metadata":"METADATA_IGT_BATASDESA_2024","srs_id":"-","kdbbps":"-","kdpumdes":"51.08.05.2013","kdpumkec":"51.08.05","kdpumkab":"51.08","kdpumprov":"51","luaswh":"-","tipadm":"Desa"}},{"type":"Feature","id":144,"geometry":null,"properties":{"objectid":144,"namobj":"Padangbulia","fcode":"BA03070040","remark":"-","metadata":"METADATA_IGT_BATASDESA_2024","srs_id":"-","kdbbps":"-","kdpumdes":"51.08.05.2008","kdpumkec":"51.08.05","kdpumkab":"51.08","kdpumprov":"51","luaswh":"-","tipadm":"Desa"}},{"type":"Feature","id":145,"geometry":null,"properties":{"objectid":145,"namobj":"Pakisan","fcode":"BA03070040","remark":"-","metadata":"METADATA_IGT_BATASDESA_2024","srs_id":"-","kdbbps":"-","kdpumdes":"51.08.08.2002","kdpumkec":"51.08.08","kdpumkab":"51.08","kdpumprov":"51","luaswh":"-","tipadm":"Desa"}},{"type":"Feature","id":151,"geometry":null,"properties":{"objectid":151,"namobj":"Bontihing","fcode":"BA03070040","remark":"-","metadata":"METADATA_IGT_BATASDESA_2024","srs_id":"-","kdbbps":"-","kdpumdes":"51.08.08.2003","kdpumkec":"51.08.08","kdpumkab":"51.08","kdpumprov":"51","luaswh":"-","tipadm":"Desa"}},{"type":"Feature","id":152,"geometry":null,"properties":{"objectid":152,"namobj":"Madenan","fcode":"BA03070040","remark":"-","metadata":"METADATA_IGT_BATASDESA_2024","srs_id":"-","kdbbps":"-","kdpumdes":"51.08.09.2004","kdpumkec":"51.08.09","kdpumkab":"51.08","kdpumprov":"51","luaswh":"-","tipadm":"Desa"}},{"type":"Feature","id":153,"geometry":null,"properties":{"objectid":153,"namobj":"Les","fcode":"BA03070040","remark":"Batas Desa belum sesuai dengan garis pantai BIG","metadata":"METADATA_IGT_BATASDESA_2024","srs_id":"-","kdbbps":"-","kdpumdes":"51.08.09.2007","kdpumkec":"51.08.09","kdpumkab":"51.08","kdpumprov":"51","luaswh":"-","tipadm":"Desa"}},{"type":"Feature","id":154,"geometry":null,"properties":{"objectid":154,"namobj":"Pemuteran","fcode":"BA03070040","remark":"Batas Desa belum sesuai dengan garis pantai BIG","metadata":"METADATA_IGT_BATASDESA_2024","srs_id":"-","kdbbps":"-","kdpumdes":"51.08.01.2004","kdpumkec":"51.08.01","kdpumkab":"51.08","kdpumprov":"51","luaswh":"-","tipadm":"Desa"}},{"type":"Feature","id":134,"geometry":null,"properties":{"objectid":134,"namobj":"Pengastulan","fcode":"BA03070040","remark":"Batas Desa belum sesuai dengan garis pantai BIG","metadata":"METADATA_IGT_BATASDESA_2024","srs_id":"-","kdbbps":"-","kdpumdes":"51.08.02.2016","kdpumkec":"51.08.02","kdpumkab":"51.08","kdpumprov":"51","luaswh":"-","tipadm":"Desa"}},{"type":"Feature","id":136,"geometry":null,"properties":{"objectid":136,"namobj":"Gitgit","fcode":"BA03070040","remark":"-","metadata":"METADATA_IGT_BATASDESA_2024","srs_id":"-","kdbbps":"-","kdpumdes":"51.08.05.2004","kdpumkec":"51.08.05","kdpumkab":"51.08","kdpumprov":"51","luaswh":"-","tipadm":"Desa"}},{"type":"Feature","id":213,"geometry":null,"properties":{"objectid":213,"namobj":"Sungai Rukam I","fcode":"BA03070040","remark":"-","metadata":"METADATA_IGT_BATASDESA_2024","srs_id":"-","kdbbps":"-","kdpumdes":"63.09.09.2004","kdpumkec":"63.09.09","kdpumkab":"63.09","kdpumprov":"63","luaswh":"-","tipadm":"Desa"}},{"type":"Feature","id":214,"geometry":null,"properties":{"objectid":214,"namobj":"Ampukung","fcode":"BA03070040","remark":"-","metadata":"METADATA_IGT_BATASDESA_2024","srs_id":"-","kdbbps":"-","kdpumdes":"63.09.02.2002","kdpumkec":"63.09.02","kdpumkab":"63.09","kdpumprov":"63","luaswh":"-","tipadm":"Desa"}},{"type":"Feature","id":155,"geometry":null,"properties":{"objectid":155,"namobj":"Sumberkima","fcode":"BA03070040","remark":"Batas Desa belum sesuai dengan garis pantai BIG","metadata":"METADATA_IGT_BATASDESA_2024","srs_id":"-","kdbbps":"-","kdpumdes":"51.08.01.2003","kdpumkec":"51.08.01","kdpumkab":"51.08","kdpumprov":"51","luaswh":"-","tipadm":"Desa"}},{"type":"Feature","id":156,"geometry":null,"properties":{"objectid":156,"namobj":"Tamblang","fcode":"BA03070040","remark":"-","metadata":"METADATA_IGT_BATASDESA_2024","srs_id":"-","kdbbps":"-","kdpumdes":"51.08.08.2007","kdpumkec":"51.08.08","kdpumkab":"51.08","kdpumprov":"51","luaswh":"-","tipadm":"Desa"}},{"type":"Feature","id":139,"geometry":null,"properties":{"objectid":139,"namobj":"Sanggalangit","fcode":"BA03070040","remark":"Batas Desa belum sesuai dengan garis pantai BIG","metadata":"METADATA_IGT_BATASDESA_2024","srs_id":"-","kdbbps":"-","kdpumdes":"51.08.01.2008","kdpumkec":"51.08.01","kdpumkab":"51.08","kdpumprov":"51","luaswh":"-","tipadm":"Desa"}},{"type":"Feature","id":157,"geometry":null,"properties":{"objectid":157,"namobj":"Sarimekar","fcode":"BA03070040","remark":"-","metadata":"METADATA_IGT_BATASDESA_2024","srs_id":"-","kdbbps":"-","kdpumdes":"51.08.06.2013","kdpumkec":"51.08.06","kdpumkab":"51.08","kdpumprov":"51","luaswh":"-","tipadm":"Desa"}},{"type":"Feature","id":158,"geometry":null,"properties":{"objectid":158,"namobj":"Pejarakan","fcode":"BA03070040","remark":"Batas Desa belum sesuai dengan garis pantai BIG","metadata":"METADATA_IGT_BATASDESA_2024","srs_id":"-","kdbbps":"-","kdpumdes":"51.08.01.2002","kdpumkec":"51.08.01","kdpumkab":"51.08","kdpumprov":"51","luaswh":"-","tipadm":"Desa"}},{"type":"Feature","id":160,"geometry":null,"properties":{"objectid":160,"namobj":"Menyali","fcode":"BA03070040","remark":"-","metadata":"METADATA_IGT_BATASDESA_2024","srs_id":"-","kdbbps":"-","kdpumdes":"51.08.07.2007","kdpumkec":"51.08.07","kdpumkab":"51.08","kdpumprov":"51","luaswh":"-","tipadm":"Desa"}},{"type":"Feature","id":163,"geometry":null,"properties":{"objectid":163,"namobj":"Julah","fcode":"BA03070040","remark":"Batas Desa belum sesuai dengan garis pantai BIG","metadata":"METADATA_IGT_BATASDESA_2024","srs_id":"-","kdbbps":"-","kdpumdes":"51.08.09.2003","kdpumkec":"51.08.09","kdpumkab":"51.08","kdpumprov":"51","luaswh":"-","tipadm":"Desa"}},{"type":"Feature","id":166,"geometry":null,"properties":{"objectid":166,"namobj":"Tunjung","fcode":"BA03070040","remark":"-","metadata":"METADATA_IGT_BATASDESA_2024","srs_id":"-","kdbbps":"-","kdpumdes":"51.08.08.2005","kdpumkec":"51.08.08","kdpumkab":"51.08","kdpumprov":"51","luaswh":"-","tipadm":"Desa"}},{"type":"Feature","id":140,"geometry":null,"properties":{"objectid":140,"namobj":"Musi","fcode":"BA03070040","remark":"Batas Desa belum sesuai dengan garis pantai BIG","metadata":"METADATA_IGT_BATASDESA_2024","srs_id":"-","kdbbps":"-","kdpumdes":"51.08.01.2007","kdpumkec":"51.08.01","kdpumkab":"51.08","kdpumprov":"51","luaswh":"-","tipadm":"Desa"}},{"type":"Feature","id":141,"geometry":null,"properties":{"objectid":141,"namobj":"Galungan","fcode":"BA03070040","remark":"-","metadata":"METADATA_IGT_BATASDESA_2024","srs_id":"-","kdbbps":"-","kdpumdes":"51.08.07.2002","kdpumkec":"51.08.07","kdpumkab":"51.08","kdpumprov":"51","luaswh":"-","tipadm":"Desa"}},{"type":"Feature","id":167,"geometry":null,"properties":{"objectid":167,"namobj":"Depeha","fcode":"BA03070040","remark":"-","metadata":"METADATA_IGT_BATASDESA_2024","srs_id":"-","kdbbps":"-","kdpumdes":"51.08.08.2006","kdpumkec":"51.08.08","kdpumkab":"51.08","kdpumprov":"51","luaswh":"-","tipadm":"Desa"}},{"type":"Feature","id":168,"geometry":null,"properties":{"objectid":168,"namobj":"Bila","fcode":"BA03070040","remark":"-","metadata":"METADATA_IGT_BATASDESA_2024","srs_id":"-","kdbbps":"-","kdpumdes":"51.08.08.2009","kdpumkec":"51.08.08","kdpumkab":"51.08","kdpumprov":"51","luaswh":"-","tipadm":"Desa"}},{"type":"Feature","id":172,"geometry":null,"properties":{"objectid":172,"namobj":"Sangsit","fcode":"BA03070040","remark":"Batas Desa belum sesuai dengan garis pantai BIG","metadata":"METADATA_IGT_BATASDESA_2024","srs_id":"-","kdbbps":"-","kdpumdes":"51.08.07.2012","kdpumkec":"51.08.07","kdpumkab":"51.08","kdpumprov":"51","luaswh":"-","tipadm":"Desa"}},{"type":"Feature","id":117,"geometry":null,"properties":{"objectid":117,"namobj":"Kekeran","fcode":"BA03070040","remark":"-","metadata":"METADATA_IGT_BATASDESA_2024","srs_id":"-","kdbbps":"-","kdpumdes":"51.08.03.2010","kdpumkec":"51.08.03","kdpumkab":"51.08","kdpumprov":"51","luaswh":"-","tipadm":"Desa"}},{"type":"Feature","id":118,"geometry":null,"properties":{"objectid":118,"namobj":"Telaga","fcode":"BA03070040","remark":"-","metadata":"METADATA_IGT_BATASDESA_2024","srs_id":"-","kdbbps":"-","kdpumdes":"51.08.03.2005","kdpumkec":"51.08.03","kdpumkab":"51.08","kdpumprov":"51","luaswh":"-","tipadm":"Desa"}},{"type":"Feature","id":215,"geometry":null,"properties":{"objectid":215,"namobj":"Telaga Itar","fcode":"BA03070040","remark":"-","metadata":"METADATA_IGT_BATASDESA_2024","srs_id":"-","kdbbps":"-","kdpumdes":"63.09.02.2003","kdpumkec":"63.09.02","kdpumkab":"63.09","kdpumprov":"63","luaswh":"-","tipadm":"Desa"}},{"type":"Feature","id":738,"geometry":null,"properties":{"objectid":738,"namobj":"Perjiwa","fcode":"BA03070040","remark":"-","metadata":"METADATA_IGT_BATASDESA_2024","srs_id":"-","kdbbps":"-","kdpumdes":"64.02.16.2012","kdpumkec":"64.02.16","kdpumkab":"64.02","kdpumprov":"64","luaswh":"-","tipadm":"Desa"}},{"type":"Feature","id":106,"geometry":null,"properties":{"objectid":106,"namobj":"Telukbatang","fcode":"BA03070040","remark":"Batas Desa belum sesuai dengan garis pantai BIG","metadata":"METADATA_IGT_BATASDESA_2024","srs_id":"-","kdbbps":"-","kdpumdes":"61.11.03.2003","kdpumkec":"61.11.03","kdpumkab":"61.11","kdpumprov":"61","luaswh":"-","tipadm":"Desa"}},{"type":"Feature","id":107,"geometry":null,"properties":{"objectid":107,"namobj":"Telukbatang Selatan","fcode":"BA03070040","remark":"Batas Desa belum sesuai dengan garis pantai BIG","metadata":"METADATA_IGT_BATASDESA_2024","srs_id":"-","kdbbps":"-","kdpumdes":"61.11.03.2006","kdpumkec":"61.11.03","kdpumkab":"61.11","kdpumprov":"61","luaswh":"-","tipadm":"Desa"}},{"type":"Feature","id":217,"geometry":null,"properties":{"objectid":217,"namobj":"Catur Karya","fcode":"BA03070040","remark":"-","metadata":"METADATA_IGT_BATASDESA_2024","srs_id":"-","kdbbps":"-","kdpumdes":"63.09.05.2021","kdpumkec":"63.09.05","kdpumkab":"63.09","kdpumprov":"63","luaswh":"-","tipadm":"Desa"}},{"type":"Feature","id":256,"geometry":null,"properties":{"objectid":256,"namobj":"Jirak","fcode":"BA03070040","remark":"-","metadata":"METADATA_IGT_BATASDESA_2024","srs_id":"-","kdbbps":"-","kdpumdes":"63.09.09.2005","kdpumkec":"63.09.09","kdpumkab":"63.09","kdpumprov":"63","luaswh":"-","tipadm":"Desa"}},{"type":"Feature","id":108,"geometry":null,"properties":{"objectid":108,"namobj":"Telukbatang Utara","fcode":"BA03070040","remark":"Batas Desa belum sesuai dengan garis pantai BIG","metadata":"METADATA_IGT_BATASDESA_2024","srs_id":"-","kdbbps":"-","kdpumdes":"61.11.03.2007","kdpumkec":"61.11.03","kdpumkab":"61.11","kdpumprov":"61","luaswh":"-","tipadm":"Desa"}},{"type":"Feature","id":203,"geometry":null,"properties":{"objectid":203,"namobj":"Bahungin","fcode":"BA03070040","remark":"-","metadata":"METADATA_IGT_BATASDESA_2024","srs_id":"-","kdbbps":"-","kdpumdes":"63.09.02.2012","kdpumkec":"63.09.02","kdpumkab":"63.09","kdpumprov":"63","luaswh":"-","tipadm":"Desa"}},{"type":"Feature","id":257,"geometry":null,"properties":{"objectid":257,"namobj":"Pampanan","fcode":"BA03070040","remark":"-","metadata":"METADATA_IGT_BATASDESA_2024","srs_id":"-","kdbbps":"-","kdpumdes":"63.09.09.2002","kdpumkec":"63.09.09","kdpumkab":"63.09","kdpumprov":"63","luaswh":"-","tipadm":"Desa"}},{"type":"Feature","id":219,"geometry":null,"properties":{"objectid":219,"namobj":"Kambitin","fcode":"BA03070040","remark":"-","metadata":"METADATA_IGT_BATASDESA_2024","srs_id":"-","kdbbps":"-","kdpumdes":"63.09.04.2010","kdpumkec":"63.09.04","kdpumkab":"63.09","kdpumprov":"63","luaswh":"-","tipadm":"Desa"}},{"type":"Feature","id":220,"geometry":null,"properties":{"objectid":220,"namobj":"Pamarangan Kiwa","fcode":"BA03070040","remark":"-","metadata":"METADATA_IGT_BATASDESA_2024","srs_id":"-","kdbbps":"-","kdpumdes":"63.09.04.2006","kdpumkec":"63.09.04","kdpumkab":"63.09","kdpumprov":"63","luaswh":"-","tipadm":"Desa"}},{"type":"Feature","id":222,"geometry":null,"properties":{"objectid":222,"namobj":"Banyu Tajun","fcode":"BA03070040","remark":"-","metadata":"METADATA_IGT_BATASDESA_2024","srs_id":"-","kdbbps":"-","kdpumdes":"63.09.04.2005","kdpumkec":"63.09.04","kdpumkab":"63.09","kdpumprov":"63","luaswh":"-","tipadm":"Desa"}},{"type":"Feature","id":260,"geometry":null,"properties":{"objectid":260,"namobj":"Pematang","fcode":"BA03070040","remark":"-","metadata":"METADATA_IGT_BATASDESA_2024","srs_id":"-","kdbbps":"-","kdpumdes":"63.09.01.2004","kdpumkec":"63.09.01","kdpumkab":"63.09","kdpumprov":"63","luaswh":"-","tipadm":"Desa"}},{"type":"Feature","id":221,"geometry":null,"properties":{"objectid":221,"namobj":"Sungai Pimping","fcode":"BA03070040","remark":"-","metadata":"METADATA_IGT_BATASDESA_2024","srs_id":"-","kdbbps":"-","kdpumdes":"63.09.04.2014","kdpumkec":"63.09.04","kdpumkab":"63.09","kdpumprov":"63","luaswh":"-","tipadm":"Desa"}},{"type":"Feature","id":261,"geometry":null,"properties":{"objectid":261,"namobj":"Sungai Durian","fcode":"BA03070040","remark":"-","metadata":"METADATA_IGT_BATASDESA_2024","srs_id":"-","kdbbps":"-","kdpumdes":"63.09.01.2003","kdpumkec":"63.09.01","kdpumkab":"63.09","kdpumprov":"63","luaswh":"-","tipadm":"Desa"}},{"type":"Feature","id":225,"geometry":null,"properties":{"objectid":225,"namobj":"Pasar Panas","fcode":"BA03070040","remark":"-","metadata":"METADATA_IGT_BATASDESA_2024","srs_id":"-","kdbbps":"-","kdpumdes":"63.09.02.2007","kdpumkec":"63.09.02","kdpumkab":"63.09","kdpumprov":"63","luaswh":"-","tipadm":"Desa"}},{"type":"Feature","id":226,"geometry":null,"properties":{"objectid":226,"namobj":"Talan","fcode":"BA03070040","remark":"-","metadata":"METADATA_IGT_BATASDESA_2024","srs_id":"-","kdbbps":"-","kdpumdes":"63.09.01.2014","kdpumkec":"63.09.01","kdpumkab":"63.09","kdpumprov":"63","luaswh":"-","tipadm":"Desa"}},{"type":"Feature","id":227,"geometry":null,"properties":{"objectid":227,"namobj":"Habau Hulu","fcode":"BA03070040","remark":"-","metadata":"METADATA_IGT_BATASDESA_2024","srs_id":"-","kdbbps":"-","kdpumdes":"63.09.01.2011","kdpumkec":"63.09.01","kdpumkab":"63.09","kdpumprov":"63","luaswh":"-","tipadm":"Desa"}},{"type":"Feature","id":228,"geometry":null,"properties":{"objectid":228,"namobj":"Habau","fcode":"BA03070040","remark":"-","metadata":"METADATA_IGT_BATASDESA_2024","srs_id":"-","kdbbps":"-","kdpumdes":"63.09.01.2007","kdpumkec":"63.09.01","kdpumkab":"63.09","kdpumprov":"63","luaswh":"-","tipadm":"Desa"}},{"type":"Feature","id":230,"geometry":null,"properties":{"objectid":230,"namobj":"Bangkiling","fcode":"BA03070040","remark":"-","metadata":"METADATA_IGT_BATASDESA_2024","srs_id":"-","kdbbps":"-","kdpumdes":"63.09.01.2002","kdpumkec":"63.09.01","kdpumkab":"63.09","kdpumprov":"63","luaswh":"-","tipadm":"Desa"}},{"type":"Feature","id":234,"geometry":null,"properties":{"objectid":234,"namobj":"Garunggung","fcode":"BA03070040","remark":"-","metadata":"METADATA_IGT_BATASDESA_2024","srs_id":"-","kdbbps":"-","kdpumdes":"63.09.04.2012","kdpumkec":"63.09.04","kdpumkab":"63.09","kdpumprov":"63","luaswh":"-","tipadm":"Desa"}},{"type":"Feature","id":236,"geometry":null,"properties":{"objectid":236,"namobj":"Usih","fcode":"BA03070040","remark":"-","metadata":"METADATA_IGT_BATASDESA_2024","srs_id":"-","kdbbps":"-","kdpumdes":"63.09.12.2002","kdpumkec":"63.09.12","kdpumkab":"63.09","kdpumprov":"63","luaswh":"-","tipadm":"Desa"}},{"type":"Feature","id":175,"geometry":null,"properties":{"objectid":175,"namobj":"Hayup","fcode":"BA03070040","remark":"-","metadata":"METADATA_IGT_BATASDESA_2024","srs_id":"-","kdbbps":"-","kdpumdes":"63.09.05.2007","kdpumkec":"63.09.05","kdpumkab":"63.09","kdpumprov":"63","luaswh":"-","tipadm":"Desa"}},{"type":"Feature","id":176,"geometry":null,"properties":{"objectid":176,"namobj":"Halong","fcode":"BA03070040","remark":"-","metadata":"METADATA_IGT_BATASDESA_2024","srs_id":"-","kdbbps":"-","kdpumdes":"63.09.05.2005","kdpumkec":"63.09.05","kdpumkab":"63.09","kdpumprov":"63","luaswh":"-","tipadm":"Desa"}},{"type":"Feature","id":183,"geometry":null,"properties":{"objectid":183,"namobj":"Pamarangan Kanan","fcode":"BA03070040","remark":"-","metadata":"METADATA_IGT_BATASDESA_2024","srs_id":"-","kdbbps":"-","kdpumdes":"63.09.03.2007","kdpumkec":"63.09.03","kdpumkab":"63.09","kdpumprov":"63","luaswh":"-","tipadm":"Desa"}},{"type":"Feature","id":262,"geometry":null,"properties":{"objectid":262,"namobj":"Batang Banyu","fcode":"BA03070040","remark":"-","metadata":"METADATA_IGT_BATASDESA_2024","srs_id":"-","kdbbps":"-","kdpumdes":"63.09.01.2010","kdpumkec":"63.09.01","kdpumkab":"63.09","kdpumprov":"63","luaswh":"-","tipadm":"Desa"}},{"type":"Feature","id":146,"geometry":null,"properties":{"objectid":146,"namobj":"Banyupoh","fcode":"BA03070040","remark":"Batas Desa belum sesuai dengan garis pantai BIG","metadata":"METADATA_IGT_BATASDESA_2024","srs_id":"-","kdbbps":"-","kdpumdes":"51.08.01.2005","kdpumkec":"51.08.01","kdpumkab":"51.08","kdpumprov":"51","luaswh":"-","tipadm":"Desa"}},{"type":"Feature","id":147,"geometry":null,"properties":{"objectid":147,"namobj":"Sambirenteng","fcode":"BA03070040","remark":"Batas Desa belum sesuai dengan garis pantai BIG","metadata":"METADATA_IGT_BATASDESA_2024","srs_id":"-","kdbbps":"-","kdpumdes":"51.08.09.2009","kdpumkec":"51.08.09","kdpumkab":"51.08","kdpumprov":"51","luaswh":"-","tipadm":"Desa"}},{"type":"Feature","id":148,"geometry":null,"properties":{"objectid":148,"namobj":"Mengening","fcode":"BA03070040","remark":"-","metadata":"METADATA_IGT_BATASDESA_2024","srs_id":"-","kdbbps":"-","kdpumdes":"51.08.08.2013","kdpumkec":"51.08.08","kdpumkab":"51.08","kdpumprov":"51","luaswh":"-","tipadm":"Desa"}},{"type":"Feature","id":149,"geometry":null,"properties":{"objectid":149,"namobj":"Penuktukan","fcode":"BA03070040","remark":"Batas Desa belum sesuai dengan garis pantai BIG","metadata":"METADATA_IGT_BATASDESA_2024","srs_id":"-","kdbbps":"-","kdpumdes":"51.08.09.2008","kdpumkec":"51.08.09","kdpumkab":"51.08","kdpumprov":"51","luaswh":"-","tipadm":"Desa"}},{"type":"Feature","id":150,"geometry":null,"properties":{"objectid":150,"namobj":"Tukadmungga","fcode":"BA03070040","remark":"Batas Desa belum sesuai dengan garis pantai BIG","metadata":"METADATA_IGT_BATASDESA_2024","srs_id":"-","kdbbps":"-","kdpumdes":"51.08.06.2003","kdpumkec":"51.08.06","kdpumkab":"51.08","kdpumprov":"51","luaswh":"-","tipadm":"Desa"}},{"type":"Feature","id":185,"geometry":null,"properties":{"objectid":185,"namobj":"Puain Kiwa","fcode":"BA03070040","remark":"-","metadata":"METADATA_IGT_BATASDESA_2024","srs_id":"-","kdbbps":"-","kdpumdes":"63.09.04.2007","kdpumkec":"63.09.04","kdpumkab":"63.09","kdpumprov":"63","luaswh":"-","tipadm":"Desa"}},{"type":"Feature","id":186,"geometry":null,"properties":{"objectid":186,"namobj":"Tanta Hulu","fcode":"BA03070040","remark":"-","metadata":"METADATA_IGT_BATASDESA_2024","srs_id":"-","kdbbps":"-","kdpumdes":"63.09.03.2014","kdpumkec":"63.09.03","kdpumkab":"63.09","kdpumprov":"63","luaswh":"-","tipadm":"Desa"}},{"type":"Feature","id":201,"geometry":null,"properties":{"objectid":201,"namobj":"Takulat","fcode":"BA03070040","remark":"-","metadata":"METADATA_IGT_BATASDESA_2024","srs_id":"-","kdbbps":"-","kdpumdes":"63.09.02.2009","kdpumkec":"63.09.02","kdpumkab":"63.09","kdpumprov":"63","luaswh":"-","tipadm":"Desa"}},{"type":"Feature","id":189,"geometry":null,"properties":{"objectid":189,"namobj":"Tanta","fcode":"BA03070040","remark":"-","metadata":"METADATA_IGT_BATASDESA_2024","srs_id":"-","kdbbps":"-","kdpumdes":"63.09.03.2009","kdpumkec":"63.09.03","kdpumkab":"63.09","kdpumprov":"63","luaswh":"-","tipadm":"Desa"}},{"type":"Feature","id":190,"geometry":null,"properties":{"objectid":190,"namobj":"Mangkusip","fcode":"BA03070040","remark":"-","metadata":"METADATA_IGT_BATASDESA_2024","srs_id":"-","kdbbps":"-","kdpumdes":"63.09.03.2006","kdpumkec":"63.09.03","kdpumkab":"63.09","kdpumprov":"63","luaswh":"-","tipadm":"Desa"}},{"type":"Feature","id":191,"geometry":null,"properties":{"objectid":191,"namobj":"Lukbayur","fcode":"BA03070040","remark":"-","metadata":"METADATA_IGT_BATASDESA_2024","srs_id":"-","kdbbps":"-","kdpumdes":"63.09.03.2002","kdpumkec":"63.09.03","kdpumkab":"63.09","kdpumprov":"63","luaswh":"-","tipadm":"Desa"}},{"type":"Feature","id":192,"geometry":null,"properties":{"objectid":192,"namobj":"Padangin","fcode":"BA03070040","remark":"-","metadata":"METADATA_IGT_BATASDESA_2024","srs_id":"-","kdbbps":"-","kdpumdes":"63.09.03.2012","kdpumkec":"63.09.03","kdpumkab":"63.09","kdpumprov":"63","luaswh":"-","tipadm":"Desa"}},{"type":"Feature","id":193,"geometry":null,"properties":{"objectid":193,"namobj":"Murung Baru","fcode":"BA03070040","remark":"-","metadata":"METADATA_IGT_BATASDESA_2024","srs_id":"-","kdbbps":"-","kdpumdes":"63.09.03.2001","kdpumkec":"63.09.03","kdpumkab":"63.09","kdpumprov":"63","luaswh":"-","tipadm":"Desa"}},{"type":"Feature","id":195,"geometry":null,"properties":{"objectid":195,"namobj":"Mantuil","fcode":"BA03070040","remark":"-","metadata":"METADATA_IGT_BATASDESA_2024","srs_id":"-","kdbbps":"-","kdpumdes":"63.09.08.2006","kdpumkec":"63.09.08","kdpumkab":"63.09","kdpumprov":"63","luaswh":"-","tipadm":"Desa"}},{"type":"Feature","id":196,"geometry":null,"properties":{"objectid":196,"namobj":"Murung Karangan","fcode":"BA03070040","remark":"-","metadata":"METADATA_IGT_BATASDESA_2024","srs_id":"-","kdbbps":"-","kdpumdes":"63.09.08.2003","kdpumkec":"63.09.08","kdpumkab":"63.09","kdpumprov":"63","luaswh":"-","tipadm":"Desa"}},{"type":"Feature","id":197,"geometry":null,"properties":{"objectid":197,"namobj":"Harus","fcode":"BA03070040","remark":"-","metadata":"METADATA_IGT_BATASDESA_2024","srs_id":"-","kdbbps":"-","kdpumdes":"63.09.08.2007","kdpumkec":"63.09.08","kdpumkab":"63.09","kdpumprov":"63","luaswh":"-","tipadm":"Desa"}},{"type":"Feature","id":198,"geometry":null,"properties":{"objectid":198,"namobj":"Tantaringin","fcode":"BA03070040","remark":"-","metadata":"METADATA_IGT_BATASDESA_2024","srs_id":"-","kdbbps":"-","kdpumdes":"63.09.08.2002","kdpumkec":"63.09.08","kdpumkab":"63.09","kdpumprov":"63","luaswh":"-","tipadm":"Desa"}},{"type":"Feature","id":199,"geometry":null,"properties":{"objectid":199,"namobj":"Sungai Buluh","fcode":"BA03070040","remark":"-","metadata":"METADATA_IGT_BATASDESA_2024","srs_id":"-","kdbbps":"-","kdpumdes":"63.09.02.2004","kdpumkec":"63.09.02","kdpumkab":"63.09","kdpumprov":"63","luaswh":"-","tipadm":"Desa"}},{"type":"Feature","id":200,"geometry":null,"properties":{"objectid":200,"namobj":"Padangin","fcode":"BA03070040","remark":"-","metadata":"METADATA_IGT_BATASDESA_2024","srs_id":"-","kdbbps":"-","kdpumdes":"63.09.08.2004","kdpumkec":"63.09.08","kdpumkab":"63.09","kdpumprov":"63","luaswh":"-","tipadm":"Desa"}},{"type":"Feature","id":239,"geometry":null,"properties":{"objectid":239,"namobj":"Panaan","fcode":"BA03070040","remark":"-","metadata":"METADATA_IGT_BATASDESA_2024","srs_id":"-","kdbbps":"-","kdpumdes":"63.09.12.2005","kdpumkec":"63.09.12","kdpumkab":"63.09","kdpumprov":"63","luaswh":"-","tipadm":"Desa"}},{"type":"Feature","id":240,"geometry":null,"properties":{"objectid":240,"namobj":"Dambung Raya","fcode":"BA03070040","remark":"-","metadata":"METADATA_IGT_BATASDESA_2024","srs_id":"-","kdbbps":"-","kdpumdes":"63.09.12.2006","kdpumkec":"63.09.12","kdpumkab":"63.09","kdpumprov":"63","luaswh":"-","tipadm":"Desa"}},{"type":"Feature","id":253,"geometry":null,"properties":{"objectid":253,"namobj":"Pulau Ku'U","fcode":"BA03070040","remark":"-","metadata":"METADATA_IGT_BATASDESA_2024","srs_id":"-","kdbbps":"-","kdpumdes":"63.09.03.2008","kdpumkec":"63.09.03","kdpumkab":"63.09","kdpumprov":"63","luaswh":"-","tipadm":"Desa"}},{"type":"Feature","id":241,"geometry":null,"properties":{"objectid":241,"namobj":"Hegarmanah","fcode":"BA03070040","remark":"-","metadata":"METADATA_IGT_BATASDESA_2024","srs_id":"-","kdbbps":"-","kdpumdes":"63.09.12.2009","kdpumkec":"63.09.12","kdpumkab":"63.09","kdpumprov":"63","luaswh":"-","tipadm":"Desa"}},{"type":"Feature","id":248,"geometry":null,"properties":{"objectid":248,"namobj":"Pangelak","fcode":"BA03070040","remark":"-","metadata":"METADATA_IGT_BATASDESA_2024","srs_id":"-","kdbbps":"-","kdpumdes":"63.09.10.2003","kdpumkec":"63.09.10","kdpumkab":"63.09","kdpumprov":"63","luaswh":"-","tipadm":"Desa"}},{"type":"Feature","id":249,"geometry":null,"properties":{"objectid":249,"namobj":"Lok Batu","fcode":"BA03070040","remark":"-","metadata":"METADATA_IGT_BATASDESA_2024","srs_id":"-","kdbbps":"-","kdpumdes":"63.09.05.2014","kdpumkec":"63.09.05","kdpumkab":"63.09","kdpumprov":"63","luaswh":"-","tipadm":"Desa"}},{"type":"Feature","id":251,"geometry":null,"properties":{"objectid":251,"namobj":"Padang Panjang","fcode":"BA03070040","remark":"-","metadata":"METADATA_IGT_BATASDESA_2024","srs_id":"-","kdbbps":"-","kdpumdes":"63.09.03.2010","kdpumkec":"63.09.03","kdpumkab":"63.09","kdpumprov":"63","luaswh":"-","tipadm":"Desa"}},{"type":"Feature","id":252,"geometry":null,"properties":{"objectid":252,"namobj":"Tamiyang","fcode":"BA03070040","remark":"-","metadata":"METADATA_IGT_BATASDESA_2024","srs_id":"-","kdbbps":"-","kdpumdes":"63.09.03.2013","kdpumkec":"63.09.03","kdpumkab":"63.09","kdpumprov":"63","luaswh":"-","tipadm":"Desa"}},{"type":"Feature","id":258,"geometry":null,"properties":{"objectid":258,"namobj":"Tamunti","fcode":"BA03070040","remark":"-","metadata":"METADATA_IGT_BATASDESA_2024","srs_id":"-","kdbbps":"-","kdpumdes":"63.09.09.2007","kdpumkec":"63.09.09","kdpumkab":"63.09","kdpumprov":"63","luaswh":"-","tipadm":"Desa"}},{"type":"Feature","id":273,"geometry":null,"properties":{"objectid":273,"namobj":"Kubu Padi","fcode":"BA03070040","remark":"-","metadata":"METADATA_IGT_BATASDESA_2024","srs_id":"-","kdbbps":"-","kdpumdes":"61.12.02.2002","kdpumkec":"61.12.02","kdpumkab":"61.12","kdpumprov":"61","luaswh":"-","tipadm":"Desa"}},{"type":"Feature","id":282,"geometry":null,"properties":{"objectid":282,"namobj":"Mekar Sari","fcode":"BA03070040","remark":"Batas Desa belum sesuai dengan garis pantai BIG","metadata":"METADATA_IGT_BATASDESA_2024","srs_id":"-","kdbbps":"-","kdpumdes":"52.02.05.2008","kdpumkec":"52.02.05","kdpumkab":"52.02","kdpumprov":"52","luaswh":"-","tipadm":"Desa"}},{"type":"Feature","id":283,"geometry":null,"properties":{"objectid":283,"namobj":"Selong Blanak","fcode":"BA03070040","remark":"Batas Desa belum sesuai dengan garis pantai BIG","metadata":"METADATA_IGT_BATASDESA_2024","srs_id":"-","kdbbps":"-","kdpumdes":"52.02.05.2007","kdpumkec":"52.02.05","kdpumkab":"52.02","kdpumprov":"52","luaswh":"-","tipadm":"Desa"}},{"type":"Feature","id":284,"geometry":null,"properties":{"objectid":284,"namobj":"Banyu Urip","fcode":"BA03070040","remark":"-","metadata":"METADATA_IGT_BATASDESA_2024","srs_id":"-","kdbbps":"-","kdpumdes":"52.02.05.2002","kdpumkec":"52.02.05","kdpumkab":"52.02","kdpumprov":"52","luaswh":"-","tipadm":"Desa"}},{"type":"Feature","id":285,"geometry":null,"properties":{"objectid":285,"namobj":"Mangkung","fcode":"BA03070040","remark":"-","metadata":"METADATA_IGT_BATASDESA_2024","srs_id":"-","kdbbps":"-","kdpumdes":"52.02.05.2003","kdpumkec":"52.02.05","kdpumkab":"52.02","kdpumprov":"52","luaswh":"-","tipadm":"Desa"}},{"type":"Feature","id":289,"geometry":null,"properties":{"objectid":289,"namobj":"Setanggor","fcode":"BA03070040","remark":"-","metadata":"METADATA_IGT_BATASDESA_2024","srs_id":"-","kdbbps":"-","kdpumdes":"52.02.05.2005","kdpumkec":"52.02.05","kdpumkab":"52.02","kdpumprov":"52","luaswh":"-","tipadm":"Desa"}},{"type":"Feature","id":290,"geometry":null,"properties":{"objectid":290,"namobj":"Penujak","fcode":"BA03070040","remark":"-","metadata":"METADATA_IGT_BATASDESA_2024","srs_id":"-","kdbbps":"-","kdpumdes":"52.02.05.2006","kdpumkec":"52.02.05","kdpumkab":"52.02","kdpumprov":"52","luaswh":"-","tipadm":"Desa"}},{"type":"Feature","id":291,"geometry":null,"properties":{"objectid":291,"namobj":"Batujai","fcode":"BA03070040","remark":"-","metadata":"METADATA_IGT_BATASDESA_2024","srs_id":"-","kdbbps":"-","kdpumdes":"52.02.05.2009","kdpumkec":"52.02.05","kdpumkab":"52.02","kdpumprov":"52","luaswh":"-","tipadm":"Desa"}},{"type":"Feature","id":292,"geometry":null,"properties":{"objectid":292,"namobj":"Mas-Mas","fcode":"BA03070040","remark":"-","metadata":"METADATA_IGT_BATASDESA_2024","srs_id":"-","kdbbps":"-","kdpumdes":"52.02.12.2007","kdpumkec":"52.02.12","kdpumkab":"52.02","kdpumprov":"52","luaswh":"-","tipadm":"Desa"}},{"type":"Feature","id":293,"geometry":null,"properties":{"objectid":293,"namobj":"Tanak Beak","fcode":"BA03070040","remark":"-","metadata":"METADATA_IGT_BATASDESA_2024","srs_id":"-","kdbbps":"-","kdpumdes":"52.02.12.2003","kdpumkec":"52.02.12","kdpumkab":"52.02","kdpumprov":"52","luaswh":"-","tipadm":"Desa"}},{"type":"Feature","id":294,"geometry":null,"properties":{"objectid":294,"namobj":"Teratak","fcode":"BA03070040","remark":"-","metadata":"METADATA_IGT_BATASDESA_2024","srs_id":"-","kdbbps":"-","kdpumdes":"52.02.12.2005","kdpumkec":"52.02.12","kdpumkab":"52.02","kdpumprov":"52","luaswh":"-","tipadm":"Desa"}},{"type":"Feature","id":295,"geometry":null,"properties":{"objectid":295,"namobj":"Aik Bukaq","fcode":"BA03070040","remark":"-","metadata":"METADATA_IGT_BATASDESA_2024","srs_id":"-","kdbbps":"-","kdpumdes":"52.02.12.2004","kdpumkec":"52.02.12","kdpumkab":"52.02","kdpumprov":"52","luaswh":"-","tipadm":"Desa"}},{"type":"Feature","id":296,"geometry":null,"properties":{"objectid":296,"namobj":"Setiling","fcode":"BA03070040","remark":"-","metadata":"METADATA_IGT_BATASDESA_2024","srs_id":"-","kdbbps":"-","kdpumdes":"52.02.12.2002","kdpumkec":"52.02.12","kdpumkab":"52.02","kdpumprov":"52","luaswh":"-","tipadm":"Desa"}},{"type":"Feature","id":297,"geometry":null,"properties":{"objectid":297,"namobj":"Lantan","fcode":"BA03070040","remark":"-","metadata":"METADATA_IGT_BATASDESA_2024","srs_id":"-","kdbbps":"-","kdpumdes":"52.02.12.2001","kdpumkec":"52.02.12","kdpumkab":"52.02","kdpumprov":"52","luaswh":"-","tipadm":"Desa"}},{"type":"Feature","id":298,"geometry":null,"properties":{"objectid":298,"namobj":"Aik Berik","fcode":"BA03070040","remark":"-","metadata":"METADATA_IGT_BATASDESA_2024","srs_id":"-","kdbbps":"-","kdpumdes":"52.02.12.2006","kdpumkec":"52.02.12","kdpumkab":"52.02","kdpumprov":"52","luaswh":"-","tipadm":"Desa"}},{"type":"Feature","id":259,"geometry":null,"properties":{"objectid":259,"namobj":"Pugaan","fcode":"BA03070040","remark":"-","metadata":"METADATA_IGT_BATASDESA_2024","srs_id":"-","kdbbps":"-","kdpumdes":"63.09.09.2001","kdpumkec":"63.09.09","kdpumkab":"63.09","kdpumprov":"63","luaswh":"-","tipadm":"Desa"}},{"type":"Feature","id":267,"geometry":null,"properties":{"objectid":267,"namobj":"Bumi Makmur","fcode":"BA03070040","remark":"-","metadata":"METADATA_IGT_BATASDESA_2024","srs_id":"-","kdbbps":"-","kdpumdes":"63.09.12.2008","kdpumkec":"63.09.12","kdpumkab":"63.09","kdpumprov":"63","luaswh":"-","tipadm":"Desa"}},{"type":"Feature","id":268,"geometry":null,"properties":{"objectid":268,"namobj":"Kapar","fcode":"BA03070040","remark":"-","metadata":"METADATA_IGT_BATASDESA_2024","srs_id":"-","kdbbps":"-","kdpumdes":"63.09.06.2007","kdpumkec":"63.09.06","kdpumkab":"63.09","kdpumprov":"63","luaswh":"-","tipadm":"Desa"}},{"type":"Feature","id":269,"geometry":null,"properties":{"objectid":269,"namobj":"Nawin","fcode":"BA03070040","remark":"-","metadata":"METADATA_IGT_BATASDESA_2024","srs_id":"-","kdbbps":"-","kdpumdes":"63.09.05.2004","kdpumkec":"63.09.05","kdpumkab":"63.09","kdpumprov":"63","luaswh":"-","tipadm":"Desa"}},{"type":"Feature","id":270,"geometry":null,"properties":{"objectid":270,"namobj":"Sungai Rengas","fcode":"BA03070040","remark":"-","metadata":"METADATA_IGT_BATASDESA_2024","srs_id":"-","kdbbps":"-","kdpumdes":"61.12.09.2005","kdpumkec":"61.12.09","kdpumkab":"61.12","kdpumprov":"61","luaswh":"-","tipadm":"Desa"}},{"type":"Feature","id":271,"geometry":null,"properties":{"objectid":271,"namobj":"Sungai Kakap","fcode":"BA03070040","remark":"Batas Desa belum sesuai dengan garis pantai BIG","metadata":"METADATA_IGT_BATASDESA_2024","srs_id":"-","kdbbps":"-","kdpumdes":"61.12.09.2001","kdpumkec":"61.12.09","kdpumkab":"61.12","kdpumprov":"61","luaswh":"-","tipadm":"Desa"}},{"type":"Feature","id":272,"geometry":null,"properties":{"objectid":272,"namobj":"Sungai Asam","fcode":"BA03070040","remark":"-","metadata":"METADATA_IGT_BATASDESA_2024","srs_id":"-","kdbbps":"-","kdpumdes":"61.12.01.2006","kdpumkec":"61.12.01","kdpumkab":"61.12","kdpumprov":"61","luaswh":"-","tipadm":"Desa"}},{"type":"Feature","id":247,"geometry":null,"properties":{"objectid":247,"namobj":"Kinarum","fcode":"BA03070040","remark":"-","metadata":"METADATA_IGT_BATASDESA_2024","srs_id":"-","kdbbps":"-","kdpumdes":"63.09.10.2004","kdpumkec":"63.09.10","kdpumkab":"63.09","kdpumprov":"63","luaswh":"-","tipadm":"Desa"}},{"type":"Feature","id":242,"geometry":null,"properties":{"objectid":242,"namobj":"Solan","fcode":"BA03070040","remark":"-","metadata":"METADATA_IGT_BATASDESA_2024","srs_id":"-","kdbbps":"-","kdpumdes":"63.09.11.2004","kdpumkec":"63.09.11","kdpumkab":"63.09","kdpumprov":"63","luaswh":"-","tipadm":"Desa"}},{"type":"Feature","id":243,"geometry":null,"properties":{"objectid":243,"namobj":"Lano","fcode":"BA03070040","remark":"-","metadata":"METADATA_IGT_BATASDESA_2024","srs_id":"-","kdbbps":"-","kdpumdes":"63.09.11.2006","kdpumkec":"63.09.11","kdpumkab":"63.09","kdpumprov":"63","luaswh":"-","tipadm":"Desa"}},{"type":"Feature","id":237,"geometry":null,"properties":{"objectid":237,"namobj":"Bintang Ara","fcode":"BA03070040","remark":"-","metadata":"METADATA_IGT_BATASDESA_2024","srs_id":"-","kdbbps":"-","kdpumdes":"63.09.12.2003","kdpumkec":"63.09.12","kdpumkab":"63.09","kdpumprov":"63","luaswh":"-","tipadm":"Desa"}},{"type":"Feature","id":334,"geometry":null,"properties":{"objectid":334,"namobj":"Lingkis","fcode":"BA03070040","remark":"-","metadata":"METADATA_IGT_BATASDESA_2024","srs_id":"-","kdbbps":"-","kdpumdes":"16.02.17.2009","kdpumkec":"16.02.17","kdpumkab":"16.02","kdpumprov":"16","luaswh":"-","tipadm":"Desa"}},{"type":"Feature","id":336,"geometry":null,"properties":{"objectid":336,"namobj":"Batun Baru","fcode":"BA03070040","remark":"-","metadata":"METADATA_IGT_BATASDESA_2024","srs_id":"-","kdbbps":"-","kdpumdes":"16.02.17.2018","kdpumkec":"16.02.17","kdpumkab":"16.02","kdpumprov":"16","luaswh":"-","tipadm":"Desa"}},{"type":"Feature","id":337,"geometry":null,"properties":{"objectid":337,"namobj":"Padang Bulan","fcode":"BA03070040","remark":"-","metadata":"METADATA_IGT_BATASDESA_2024","srs_id":"-","kdbbps":"-","kdpumdes":"16.02.17.2017","kdpumkec":"16.02.17","kdpumkab":"16.02","kdpumprov":"16","luaswh":"-","tipadm":"Desa"}},{"type":"Feature","id":238,"geometry":null,"properties":{"objectid":238,"namobj":"Burum","fcode":"BA03070040","remark":"-","metadata":"METADATA_IGT_BATASDESA_2024","srs_id":"-","kdbbps":"-","kdpumdes":"63.09.12.2004","kdpumkec":"63.09.12","kdpumkab":"63.09","kdpumprov":"63","luaswh":"-","tipadm":"Desa"}},{"type":"Feature","id":340,"geometry":null,"properties":{"objectid":340,"namobj":"Pematang Kijang","fcode":"BA03070040","remark":"-","metadata":"METADATA_IGT_BATASDESA_2024","srs_id":"-","kdbbps":"-","kdpumdes":"16.02.17.2015","kdpumkec":"16.02.17","kdpumkab":"16.02","kdpumprov":"16","luaswh":"-","tipadm":"Desa"}},{"type":"Feature","id":341,"geometry":null,"properties":{"objectid":341,"namobj":"Simpang Empat","fcode":"BA03070040","remark":"-","metadata":"METADATA_IGT_BATASDESA_2024","srs_id":"-","kdbbps":"-","kdpumdes":"16.02.17.2016","kdpumkec":"16.02.17","kdpumkab":"16.02","kdpumprov":"16","luaswh":"-","tipadm":"Desa"}},{"type":"Feature","id":338,"geometry":null,"properties":{"objectid":338,"namobj":"Danau Ceper","fcode":"BA03070040","remark":"-","metadata":"METADATA_IGT_BATASDESA_2024","srs_id":"-","kdbbps":"-","kdpumdes":"16.02.17.2019","kdpumkec":"16.02.17","kdpumkab":"16.02","kdpumprov":"16","luaswh":"-","tipadm":"Desa"}},{"type":"Feature","id":345,"geometry":null,"properties":{"objectid":345,"namobj":"Bubusan","fcode":"BA03070040","remark":"-","metadata":"METADATA_IGT_BATASDESA_2024","srs_id":"-","kdbbps":"-","kdpumdes":"16.02.17.2004","kdpumkec":"16.02.17","kdpumkab":"16.02","kdpumprov":"16","luaswh":"-","tipadm":"Desa"}},{"type":"Feature","id":317,"geometry":null,"properties":{"objectid":317,"namobj":"Rengas Abang","fcode":"BA03070040","remark":"-","metadata":"METADATA_IGT_BATASDESA_2024","srs_id":"-","kdbbps":"-","kdpumdes":"16.02.14.2017","kdpumkec":"16.02.14","kdpumkab":"16.02","kdpumprov":"16","luaswh":"-","tipadm":"Desa"}},{"type":"Feature","id":343,"geometry":null,"properties":{"objectid":343,"namobj":"Pedu","fcode":"BA03070040","remark":"-","metadata":"METADATA_IGT_BATASDESA_2024","srs_id":"-","kdbbps":"-","kdpumdes":"16.02.17.2014","kdpumkec":"16.02.17","kdpumkab":"16.02","kdpumprov":"16","luaswh":"-","tipadm":"Desa"}},{"type":"Feature","id":344,"geometry":null,"properties":{"objectid":344,"namobj":"Jejawi","fcode":"BA03070040","remark":"-","metadata":"METADATA_IGT_BATASDESA_2024","srs_id":"-","kdbbps":"-","kdpumdes":"16.02.17.2006","kdpumkec":"16.02.17","kdpumkab":"16.02","kdpumprov":"16","luaswh":"-","tipadm":"Desa"}},{"type":"Feature","id":346,"geometry":null,"properties":{"objectid":346,"namobj":"Air Itam","fcode":"BA03070040","remark":"-","metadata":"METADATA_IGT_BATASDESA_2024","srs_id":"-","kdbbps":"-","kdpumdes":"16.02.17.2005","kdpumkec":"16.02.17","kdpumkab":"16.02","kdpumprov":"16","luaswh":"-","tipadm":"Desa"}},{"type":"Feature","id":347,"geometry":null,"properties":{"objectid":347,"namobj":"Talang Cempedak","fcode":"BA03070040","remark":"-","metadata":"METADATA_IGT_BATASDESA_2024","srs_id":"-","kdbbps":"-","kdpumdes":"16.02.17.2003","kdpumkec":"16.02.17","kdpumkab":"16.02","kdpumprov":"16","luaswh":"-","tipadm":"Desa"}},{"type":"Feature","id":305,"geometry":null,"properties":{"objectid":305,"namobj":"Suka Mulya","fcode":"BA03070040","remark":"-","metadata":"METADATA_IGT_BATASDESA_2024","srs_id":"-","kdbbps":"-","kdpumdes":"16.02.14.2002","kdpumkec":"16.02.14","kdpumkab":"16.02","kdpumprov":"16","luaswh":"-","tipadm":"Desa"}},{"type":"Feature","id":348,"geometry":null,"properties":{"objectid":348,"namobj":"Karang Agung","fcode":"BA03070040","remark":"-","metadata":"METADATA_IGT_BATASDESA_2024","srs_id":"-","kdbbps":"-","kdpumdes":"16.02.17.2007","kdpumkec":"16.02.17","kdpumkab":"16.02","kdpumprov":"16","luaswh":"-","tipadm":"Desa"}},{"type":"Feature","id":349,"geometry":null,"properties":{"objectid":349,"namobj":"Lubuk Ketepeng","fcode":"BA03070040","remark":"-","metadata":"METADATA_IGT_BATASDESA_2024","srs_id":"-","kdbbps":"-","kdpumdes":"16.02.17.2002","kdpumkec":"16.02.17","kdpumkab":"16.02","kdpumprov":"16","luaswh":"-","tipadm":"Desa"}},{"type":"Feature","id":306,"geometry":null,"properties":{"objectid":306,"namobj":"Marga Tani","fcode":"BA03070040","remark":"-","metadata":"METADATA_IGT_BATASDESA_2024","srs_id":"-","kdbbps":"-","kdpumdes":"16.02.14.2004","kdpumkec":"16.02.14","kdpumkab":"16.02","kdpumprov":"16","luaswh":"-","tipadm":"Desa"}},{"type":"Feature","id":307,"geometry":null,"properties":{"objectid":307,"namobj":"Jadi Mulya","fcode":"BA03070040","remark":"-","metadata":"METADATA_IGT_BATASDESA_2024","srs_id":"-","kdbbps":"-","kdpumdes":"16.02.14.2003","kdpumkec":"16.02.14","kdpumkab":"16.02","kdpumprov":"16","luaswh":"-","tipadm":"Desa"}},{"type":"Feature","id":351,"geometry":null,"properties":{"objectid":351,"namobj":"Tanjung Ali","fcode":"BA03070040","remark":"-","metadata":"METADATA_IGT_BATASDESA_2024","srs_id":"-","kdbbps":"-","kdpumdes":"16.02.17.2011","kdpumkec":"16.02.17","kdpumkab":"16.02","kdpumprov":"16","luaswh":"-","tipadm":"Desa"}},{"type":"Feature","id":352,"geometry":null,"properties":{"objectid":352,"namobj":"Sukadarma","fcode":"BA03070040","remark":"-","metadata":"METADATA_IGT_BATASDESA_2024","srs_id":"-","kdbbps":"-","kdpumdes":"16.02.17.2012","kdpumkec":"16.02.17","kdpumkab":"16.02","kdpumprov":"16","luaswh":"-","tipadm":"Desa"}},{"type":"Feature","id":353,"geometry":null,"properties":{"objectid":353,"namobj":"Tanjung Lubuk","fcode":"BA03070040","remark":"-","metadata":"METADATA_IGT_BATASDESA_2024","srs_id":"-","kdbbps":"-","kdpumdes":"16.02.05.2013","kdpumkec":"16.02.05","kdpumkab":"16.02","kdpumprov":"16","luaswh":"-","tipadm":"Desa"}},{"type":"Feature","id":354,"geometry":null,"properties":{"objectid":354,"namobj":"Lubuk Dalam","fcode":"BA03070040","remark":"-","metadata":"METADATA_IGT_BATASDESA_2024","srs_id":"-","kdbbps":"-","kdpumdes":"16.02.05.2018","kdpumkec":"16.02.05","kdpumkab":"16.02","kdpumprov":"16","luaswh":"-","tipadm":"Desa"}},{"type":"Feature","id":315,"geometry":null,"properties":{"objectid":315,"namobj":"Pangkalan Damai","fcode":"BA03070040","remark":"-","metadata":"METADATA_IGT_BATASDESA_2024","srs_id":"-","kdbbps":"-","kdpumdes":"16.02.14.2012","kdpumkec":"16.02.14","kdpumkab":"16.02","kdpumprov":"16","luaswh":"-","tipadm":"Desa"}},{"type":"Feature","id":355,"geometry":null,"properties":{"objectid":355,"namobj":"Arisan Buntal","fcode":"BA03070040","remark":"-","metadata":"METADATA_IGT_BATASDESA_2024","srs_id":"-","kdbbps":"-","kdpumdes":"16.02.05.2014","kdpumkec":"16.02.05","kdpumkab":"16.02","kdpumprov":"16","luaswh":"-","tipadm":"Desa"}},{"type":"Feature","id":356,"geometry":null,"properties":{"objectid":356,"namobj":"Kijang Ulu","fcode":"BA03070040","remark":"-","metadata":"METADATA_IGT_BATASDESA_2024","srs_id":"-","kdbbps":"-","kdpumdes":"16.02.05.2011","kdpumkec":"16.02.05","kdpumkab":"16.02","kdpumprov":"16","luaswh":"-","tipadm":"Desa"}},{"type":"Feature","id":299,"geometry":null,"properties":{"objectid":299,"namobj":"Karang Sidemen","fcode":"BA03070040","remark":"-","metadata":"METADATA_IGT_BATASDESA_2024","srs_id":"-","kdbbps":"-","kdpumdes":"52.02.12.2008","kdpumkec":"52.02.12","kdpumkab":"52.02","kdpumprov":"52","luaswh":"-","tipadm":"Desa"}},{"type":"Feature","id":300,"geometry":null,"properties":{"objectid":300,"namobj":"Kerta Mukti","fcode":"BA03070040","remark":"-","metadata":"METADATA_IGT_BATASDESA_2024","srs_id":"-","kdbbps":"-","kdpumdes":"16.02.14.2009","kdpumkec":"16.02.14","kdpumkab":"16.02","kdpumprov":"16","luaswh":"-","tipadm":"Desa"}},{"type":"Feature","id":301,"geometry":null,"properties":{"objectid":301,"namobj":"Sungai Batang","fcode":"BA03070040","remark":"Batas Desa belum sesuai dengan garis pantai BIG","metadata":"METADATA_IGT_BATASDESA_2024","srs_id":"-","kdbbps":"-","kdpumdes":"16.02.14.2019","kdpumkec":"16.02.14","kdpumkab":"16.02","kdpumprov":"16","luaswh":"-","tipadm":"Desa"}},{"type":"Feature","id":302,"geometry":null,"properties":{"objectid":302,"namobj":"Simpang Heran","fcode":"BA03070040","remark":"-","metadata":"METADATA_IGT_BATASDESA_2024","srs_id":"-","kdbbps":"-","kdpumdes":"16.02.14.2016","kdpumkec":"16.02.14","kdpumkab":"16.02","kdpumprov":"16","luaswh":"-","tipadm":"Desa"}},{"type":"Feature","id":303,"geometry":null,"properties":{"objectid":303,"namobj":"Mukti Jaya","fcode":"BA03070040","remark":"-","metadata":"METADATA_IGT_BATASDESA_2024","srs_id":"-","kdbbps":"-","kdpumdes":"16.02.14.2006","kdpumkec":"16.02.14","kdpumkab":"16.02","kdpumprov":"16","luaswh":"-","tipadm":"Desa"}},{"type":"Feature","id":316,"geometry":null,"properties":{"objectid":316,"namobj":"Bukit Batu","fcode":"BA03070040","remark":"-","metadata":"METADATA_IGT_BATASDESA_2024","srs_id":"-","kdbbps":"-","kdpumdes":"16.02.14.2018","kdpumkec":"16.02.14","kdpumkab":"16.02","kdpumprov":"16","luaswh":"-","tipadm":"Desa"}},{"type":"Feature","id":308,"geometry":null,"properties":{"objectid":308,"namobj":"Tirta Mulya","fcode":"BA03070040","remark":"-","metadata":"METADATA_IGT_BATASDESA_2024","srs_id":"-","kdbbps":"-","kdpumdes":"16.02.14.2001","kdpumkec":"16.02.14","kdpumkab":"16.02","kdpumprov":"16","luaswh":"-","tipadm":"Desa"}},{"type":"Feature","id":309,"geometry":null,"properties":{"objectid":309,"namobj":"Nusantara","fcode":"BA03070040","remark":"-","metadata":"METADATA_IGT_BATASDESA_2024","srs_id":"-","kdbbps":"-","kdpumdes":"16.02.14.2008","kdpumkec":"16.02.14","kdpumkab":"16.02","kdpumprov":"16","luaswh":"-","tipadm":"Desa"}},{"type":"Feature","id":310,"geometry":null,"properties":{"objectid":310,"namobj":"Nusakerta","fcode":"BA03070040","remark":"-","metadata":"METADATA_IGT_BATASDESA_2024","srs_id":"-","kdbbps":"-","kdpumdes":"16.02.14.2010","kdpumkec":"16.02.14","kdpumkab":"16.02","kdpumprov":"16","luaswh":"-","tipadm":"Desa"}},{"type":"Feature","id":311,"geometry":null,"properties":{"objectid":311,"namobj":"Banyu Biru","fcode":"BA03070040","remark":"-","metadata":"METADATA_IGT_BATASDESA_2024","srs_id":"-","kdbbps":"-","kdpumdes":"16.02.14.2011","kdpumkec":"16.02.14","kdpumkab":"16.02","kdpumprov":"16","luaswh":"-","tipadm":"Desa"}},{"type":"Feature","id":312,"geometry":null,"properties":{"objectid":312,"namobj":"Negeri Sakti","fcode":"BA03070040","remark":"-","metadata":"METADATA_IGT_BATASDESA_2024","srs_id":"-","kdbbps":"-","kdpumdes":"16.02.14.2013","kdpumkec":"16.02.14","kdpumkab":"16.02","kdpumprov":"16","luaswh":"-","tipadm":"Desa"}},{"type":"Feature","id":313,"geometry":null,"properties":{"objectid":313,"namobj":"Rantau Karya","fcode":"BA03070040","remark":"-","metadata":"METADATA_IGT_BATASDESA_2024","srs_id":"-","kdbbps":"-","kdpumdes":"16.02.14.2014","kdpumkec":"16.02.14","kdpumkab":"16.02","kdpumprov":"16","luaswh":"-","tipadm":"Desa"}},{"type":"Feature","id":314,"geometry":null,"properties":{"objectid":314,"namobj":"Pangkalan Sakti","fcode":"BA03070040","remark":"-","metadata":"METADATA_IGT_BATASDESA_2024","srs_id":"-","kdbbps":"-","kdpumdes":"16.02.14.2015","kdpumkec":"16.02.14","kdpumkab":"16.02","kdpumprov":"16","luaswh":"-","tipadm":"Desa"}},{"type":"Feature","id":318,"geometry":null,"properties":{"objectid":318,"namobj":"Srijaya Baru","fcode":"BA03070040","remark":"-","metadata":"METADATA_IGT_BATASDESA_2024","srs_id":"-","kdbbps":"-","kdpumdes":"16.02.14.2007","kdpumkec":"16.02.14","kdpumkab":"16.02","kdpumprov":"16","luaswh":"-","tipadm":"Desa"}},{"type":"Feature","id":320,"geometry":null,"properties":{"objectid":320,"namobj":"Pantai Harapan","fcode":"BA03070040","remark":"-","metadata":"METADATA_IGT_BATASDESA_2024","srs_id":"-","kdbbps":"-","kdpumdes":"16.02.18.2012","kdpumkec":"16.02.18","kdpumkab":"16.02","kdpumprov":"16","luaswh":"-","tipadm":"Desa"}},{"type":"Feature","id":326,"geometry":null,"properties":{"objectid":326,"namobj":"Lebak Beriang","fcode":"BA03070040","remark":"-","metadata":"METADATA_IGT_BATASDESA_2024","srs_id":"-","kdbbps":"-","kdpumdes":"16.02.18.2016","kdpumkec":"16.02.18","kdpumkab":"16.02","kdpumprov":"16","luaswh":"-","tipadm":"Desa"}},{"type":"Feature","id":581,"geometry":null,"properties":{"objectid":581,"namobj":"Talang Pengeran","fcode":"BA03070040","remark":"-","metadata":"METADATA_IGT_BATASDESA_2024","srs_id":"-","kdbbps":"-","kdpumdes":"16.02.23.2008","kdpumkec":"16.02.23","kdpumkab":"16.02","kdpumprov":"16","luaswh":"-","tipadm":"Desa"}},{"type":"Feature","id":322,"geometry":null,"properties":{"objectid":322,"namobj":"Cengal","fcode":"BA03070040","remark":"-","metadata":"METADATA_IGT_BATASDESA_2024","srs_id":"-","kdbbps":"-","kdpumdes":"16.02.18.2007","kdpumkec":"16.02.18","kdpumkab":"16.02","kdpumprov":"16","luaswh":"-","tipadm":"Desa"}},{"type":"Feature","id":324,"geometry":null,"properties":{"objectid":324,"namobj":"Kebun Cabe","fcode":"BA03070040","remark":"-","metadata":"METADATA_IGT_BATASDESA_2024","srs_id":"-","kdbbps":"-","kdpumdes":"16.02.18.2015","kdpumkec":"16.02.18","kdpumkab":"16.02","kdpumprov":"16","luaswh":"-","tipadm":"Desa"}},{"type":"Feature","id":332,"geometry":null,"properties":{"objectid":332,"namobj":"Pelimbangan","fcode":"BA03070040","remark":"-","metadata":"METADATA_IGT_BATASDESA_2024","srs_id":"-","kdbbps":"-","kdpumdes":"16.02.18.2006","kdpumkec":"16.02.18","kdpumkab":"16.02","kdpumprov":"16","luaswh":"-","tipadm":"Desa"}},{"type":"Feature","id":333,"geometry":null,"properties":{"objectid":333,"namobj":"Ulak Kedondong","fcode":"BA03070040","remark":"-","metadata":"METADATA_IGT_BATASDESA_2024","srs_id":"-","kdbbps":"-","kdpumdes":"16.02.18.2005","kdpumkec":"16.02.18","kdpumkab":"16.02","kdpumprov":"16","luaswh":"-","tipadm":"Desa"}},{"type":"Feature","id":582,"geometry":null,"properties":{"objectid":582,"namobj":"Mulyaguna","fcode":"BA03070040","remark":"-","metadata":"METADATA_IGT_BATASDESA_2024","srs_id":"-","kdbbps":"-","kdpumdes":"16.02.23.2010","kdpumkec":"16.02.23","kdpumkab":"16.02","kdpumprov":"16","luaswh":"-","tipadm":"Desa"}},{"type":"Feature","id":328,"geometry":null,"properties":{"objectid":328,"namobj":"Kuala Sungai Jeruju","fcode":"BA03070040","remark":"Batas Desa belum sesuai dengan garis pantai BIG","metadata":"METADATA_IGT_BATASDESA_2024","srs_id":"-","kdbbps":"-","kdpumdes":"16.02.18.2010","kdpumkec":"16.02.18","kdpumkab":"16.02","kdpumprov":"16","luaswh":"-","tipadm":"Desa"}},{"type":"Feature","id":329,"geometry":null,"properties":{"objectid":329,"namobj":"Kuala Sungai Pasir","fcode":"BA03070040","remark":"Batas Desa belum sesuai dengan garis pantai BIG","metadata":"METADATA_IGT_BATASDESA_2024","srs_id":"-","kdbbps":"-","kdpumdes":"16.02.18.2011","kdpumkec":"16.02.18","kdpumkab":"16.02","kdpumprov":"16","luaswh":"-","tipadm":"Desa"}},{"type":"Feature","id":363,"geometry":null,"properties":{"objectid":363,"namobj":"Serigeni Baru","fcode":"BA03070040","remark":"-","metadata":"METADATA_IGT_BATASDESA_2024","srs_id":"-","kdbbps":"-","kdpumdes":"16.02.05.2023","kdpumkec":"16.02.05","kdpumkab":"16.02","kdpumprov":"16","luaswh":"-","tipadm":"Desa"}},{"type":"Feature","id":373,"geometry":null,"properties":{"objectid":373,"namobj":"Tugu Agung","fcode":"BA03070040","remark":"-","metadata":"METADATA_IGT_BATASDESA_2024","srs_id":"-","kdbbps":"-","kdpumdes":"16.02.13.2026","kdpumkec":"16.02.13","kdpumkab":"16.02","kdpumprov":"16","luaswh":"-","tipadm":"Desa"}},{"type":"Feature","id":364,"geometry":null,"properties":{"objectid":364,"namobj":"Teloko","fcode":"BA03070040","remark":"-","metadata":"METADATA_IGT_BATASDESA_2024","srs_id":"-","kdbbps":"-","kdpumdes":"16.02.05.2021","kdpumkec":"16.02.05","kdpumkab":"16.02","kdpumprov":"16","luaswh":"-","tipadm":"Desa"}},{"type":"Feature","id":365,"geometry":null,"properties":{"objectid":365,"namobj":"Tanjung Menang","fcode":"BA03070040","remark":"-","metadata":"METADATA_IGT_BATASDESA_2024","srs_id":"-","kdbbps":"-","kdpumdes":"16.02.05.2020","kdpumkec":"16.02.05","kdpumkab":"16.02","kdpumprov":"16","luaswh":"-","tipadm":"Desa"}},{"type":"Feature","id":370,"geometry":null,"properties":{"objectid":370,"namobj":"Sumber Makmur","fcode":"BA03070040","remark":"-","metadata":"METADATA_IGT_BATASDESA_2024","srs_id":"-","kdbbps":"-","kdpumdes":"16.02.13.2036","kdpumkec":"16.02.13","kdpumkab":"16.02","kdpumprov":"16","luaswh":"-","tipadm":"Desa"}},{"type":"Feature","id":371,"geometry":null,"properties":{"objectid":371,"namobj":"Cahya Bumi","fcode":"BA03070040","remark":"-","metadata":"METADATA_IGT_BATASDESA_2024","srs_id":"-","kdbbps":"-","kdpumdes":"16.02.13.2006","kdpumkec":"16.02.13","kdpumkab":"16.02","kdpumprov":"16","luaswh":"-","tipadm":"Desa"}},{"type":"Feature","id":372,"geometry":null,"properties":{"objectid":372,"namobj":"Sindang Sari","fcode":"BA03070040","remark":"-","metadata":"METADATA_IGT_BATASDESA_2024","srs_id":"-","kdbbps":"-","kdpumdes":"16.02.13.2027","kdpumkec":"16.02.13","kdpumkab":"16.02","kdpumprov":"16","luaswh":"-","tipadm":"Desa"}},{"type":"Feature","id":386,"geometry":null,"properties":{"objectid":386,"namobj":"Lempuing Indah","fcode":"BA03070040","remark":"-","metadata":"METADATA_IGT_BATASDESA_2024","srs_id":"-","kdbbps":"-","kdpumdes":"16.02.22.2005","kdpumkec":"16.02.22","kdpumkab":"16.02","kdpumprov":"16","luaswh":"-","tipadm":"Desa"}},{"type":"Feature","id":387,"geometry":null,"properties":{"objectid":387,"namobj":"Muara Burnai II","fcode":"BA03070040","remark":"-","metadata":"METADATA_IGT_BATASDESA_2024","srs_id":"-","kdbbps":"-","kdpumdes":"16.02.22.2009","kdpumkec":"16.02.22","kdpumkab":"16.02","kdpumprov":"16","luaswh":"-","tipadm":"Desa"}},{"type":"Feature","id":388,"geometry":null,"properties":{"objectid":388,"namobj":"Rantau Durian Asli","fcode":"BA03070040","remark":"-","metadata":"METADATA_IGT_BATASDESA_2024","srs_id":"-","kdbbps":"-","kdpumdes":"16.02.22.2016","kdpumkec":"16.02.22","kdpumkab":"16.02","kdpumprov":"16","luaswh":"-","tipadm":"Desa"}},{"type":"Feature","id":389,"geometry":null,"properties":{"objectid":389,"namobj":"Rantau Durian II","fcode":"BA03070040","remark":"-","metadata":"METADATA_IGT_BATASDESA_2024","srs_id":"-","kdbbps":"-","kdpumdes":"16.02.22.2011","kdpumkec":"16.02.22","kdpumkab":"16.02","kdpumprov":"16","luaswh":"-","tipadm":"Desa"}},{"type":"Feature","id":381,"geometry":null,"properties":{"objectid":381,"namobj":"Kutapandan","fcode":"BA03070040","remark":"-","metadata":"METADATA_IGT_BATASDESA_2024","srs_id":"-","kdbbps":"-","kdpumdes":"16.02.13.2007","kdpumkec":"16.02.13","kdpumkab":"16.02","kdpumprov":"16","luaswh":"-","tipadm":"Desa"}},{"type":"Feature","id":392,"geometry":null,"properties":{"objectid":392,"namobj":"Sungai Belida","fcode":"BA03070040","remark":"-","metadata":"METADATA_IGT_BATASDESA_2024","srs_id":"-","kdbbps":"-","kdpumdes":"16.02.22.2004","kdpumkec":"16.02.22","kdpumkab":"16.02","kdpumprov":"16","luaswh":"-","tipadm":"Desa"}},{"type":"Feature","id":375,"geometry":null,"properties":{"objectid":375,"namobj":"Tugu Jaya","fcode":"BA03070040","remark":"-","metadata":"METADATA_IGT_BATASDESA_2024","srs_id":"-","kdbbps":"-","kdpumdes":"16.02.13.2025","kdpumkec":"16.02.13","kdpumkab":"16.02","kdpumprov":"16","luaswh":"-","tipadm":"Desa"}},{"type":"Feature","id":368,"geometry":null,"properties":{"objectid":368,"namobj":"Bumiarjo Makmur","fcode":"BA03070040","remark":"-","metadata":"METADATA_IGT_BATASDESA_2024","srs_id":"-","kdbbps":"-","kdpumdes":"16.02.13.2034","kdpumkec":"16.02.13","kdpumkab":"16.02","kdpumprov":"16","luaswh":"-","tipadm":"Desa"}},{"type":"Feature","id":376,"geometry":null,"properties":{"objectid":376,"namobj":"Suka Mulya","fcode":"BA03070040","remark":"-","metadata":"METADATA_IGT_BATASDESA_2024","srs_id":"-","kdbbps":"-","kdpumdes":"16.02.13.2014","kdpumkec":"16.02.13","kdpumkab":"16.02","kdpumprov":"16","luaswh":"-","tipadm":"Desa"}},{"type":"Feature","id":377,"geometry":null,"properties":{"objectid":377,"namobj":"Bumiagung","fcode":"BA03070040","remark":"-","metadata":"METADATA_IGT_BATASDESA_2024","srs_id":"-","kdbbps":"-","kdpumdes":"16.02.13.2009","kdpumkec":"16.02.13","kdpumkab":"16.02","kdpumprov":"16","luaswh":"-","tipadm":"Desa"}},{"type":"Feature","id":378,"geometry":null,"properties":{"objectid":378,"namobj":"Tulung Harapan","fcode":"BA03070040","remark":"-","metadata":"METADATA_IGT_BATASDESA_2024","srs_id":"-","kdbbps":"-","kdpumdes":"16.02.13.2016","kdpumkec":"16.02.13","kdpumkab":"16.02","kdpumprov":"16","luaswh":"-","tipadm":"Desa"}},{"type":"Feature","id":379,"geometry":null,"properties":{"objectid":379,"namobj":"Mekar Jaya","fcode":"BA03070040","remark":"-","metadata":"METADATA_IGT_BATASDESA_2024","srs_id":"-","kdbbps":"-","kdpumdes":"16.02.13.2028","kdpumkec":"16.02.13","kdpumkab":"16.02","kdpumprov":"16","luaswh":"-","tipadm":"Desa"}},{"type":"Feature","id":380,"geometry":null,"properties":{"objectid":380,"namobj":"Kepayang","fcode":"BA03070040","remark":"-","metadata":"METADATA_IGT_BATASDESA_2024","srs_id":"-","kdbbps":"-","kdpumdes":"16.02.13.2017","kdpumkec":"16.02.13","kdpumkab":"16.02","kdpumprov":"16","luaswh":"-","tipadm":"Desa"}},{"type":"Feature","id":369,"geometry":null,"properties":{"objectid":369,"namobj":"Dabuk Rejo","fcode":"BA03070040","remark":"-","metadata":"METADATA_IGT_BATASDESA_2024","srs_id":"-","kdbbps":"-","kdpumdes":"16.02.13.2013","kdpumkec":"16.02.13","kdpumkab":"16.02","kdpumprov":"16","luaswh":"-","tipadm":"Desa"}},{"type":"Feature","id":383,"geometry":null,"properties":{"objectid":383,"namobj":"Cahaya Maju","fcode":"BA03070040","remark":"-","metadata":"METADATA_IGT_BATASDESA_2024","srs_id":"-","kdbbps":"-","kdpumdes":"16.02.13.2008","kdpumkec":"16.02.13","kdpumkab":"16.02","kdpumprov":"16","luaswh":"-","tipadm":"Desa"}},{"type":"Feature","id":366,"geometry":null,"properties":{"objectid":366,"namobj":"Tanjung Serang","fcode":"BA03070040","remark":"-","metadata":"METADATA_IGT_BATASDESA_2024","srs_id":"-","kdbbps":"-","kdpumdes":"16.02.05.2022","kdpumkec":"16.02.05","kdpumkab":"16.02","kdpumprov":"16","luaswh":"-","tipadm":"Desa"}},{"type":"Feature","id":367,"geometry":null,"properties":{"objectid":367,"namobj":"Cahaya Makmur","fcode":"BA03070040","remark":"-","metadata":"METADATA_IGT_BATASDESA_2024","srs_id":"-","kdbbps":"-","kdpumdes":"16.02.13.2035","kdpumkec":"16.02.13","kdpumkab":"16.02","kdpumprov":"16","luaswh":"-","tipadm":"Desa"}},{"type":"Feature","id":497,"geometry":null,"properties":{"objectid":497,"namobj":"Pedamaran I","fcode":"BA03070040","remark":"-","metadata":"METADATA_IGT_BATASDESA_2024","srs_id":"-","kdbbps":"-","kdpumdes":"16.02.03.2007","kdpumkec":"16.02.03","kdpumkab":"16.02","kdpumprov":"16","luaswh":"-","tipadm":"Desa"}},{"type":"Feature","id":357,"geometry":null,"properties":{"objectid":357,"namobj":"Celikah","fcode":"BA03070040","remark":"-","metadata":"METADATA_IGT_BATASDESA_2024","srs_id":"-","kdbbps":"-","kdpumdes":"16.02.05.2015","kdpumkec":"16.02.05","kdpumkab":"16.02","kdpumprov":"16","luaswh":"-","tipadm":"Desa"}},{"type":"Feature","id":358,"geometry":null,"properties":{"objectid":358,"namobj":"Muarabaru","fcode":"BA03070040","remark":"-","metadata":"METADATA_IGT_BATASDESA_2024","srs_id":"-","kdbbps":"-","kdpumdes":"16.02.05.2012","kdpumkec":"16.02.05","kdpumkab":"16.02","kdpumprov":"16","luaswh":"-","tipadm":"Desa"}},{"type":"Feature","id":359,"geometry":null,"properties":{"objectid":359,"namobj":"Anyar","fcode":"BA03070040","remark":"-","metadata":"METADATA_IGT_BATASDESA_2024","srs_id":"-","kdbbps":"-","kdpumdes":"16.02.05.2019","kdpumkec":"16.02.05","kdpumkab":"16.02","kdpumprov":"16","luaswh":"-","tipadm":"Desa"}},{"type":"Feature","id":360,"geometry":null,"properties":{"objectid":360,"namobj":"Banding Anyar","fcode":"BA03070040","remark":"-","metadata":"METADATA_IGT_BATASDESA_2024","srs_id":"-","kdbbps":"-","kdpumdes":"16.02.05.2016","kdpumkec":"16.02.05","kdpumkab":"16.02","kdpumprov":"16","luaswh":"-","tipadm":"Desa"}},{"type":"Feature","id":361,"geometry":null,"properties":{"objectid":361,"namobj":"Buluh Cawang","fcode":"BA03070040","remark":"-","metadata":"METADATA_IGT_BATASDESA_2024","srs_id":"-","kdbbps":"-","kdpumdes":"16.02.05.2017","kdpumkec":"16.02.05","kdpumkab":"16.02","kdpumprov":"16","luaswh":"-","tipadm":"Desa"}},{"type":"Feature","id":362,"geometry":null,"properties":{"objectid":362,"namobj":"Serigeni","fcode":"BA03070040","remark":"-","metadata":"METADATA_IGT_BATASDESA_2024","srs_id":"-","kdbbps":"-","kdpumdes":"16.02.05.2024","kdpumkec":"16.02.05","kdpumkab":"16.02","kdpumprov":"16","luaswh":"-","tipadm":"Desa"}},{"type":"Feature","id":437,"geometry":null,"properties":{"objectid":437,"namobj":"Bumi Makmur","fcode":"BA03070040","remark":"-","metadata":"METADATA_IGT_BATASDESA_2024","srs_id":"-","kdbbps":"-","kdpumdes":"16.02.21.2007","kdpumkec":"16.02.21","kdpumkab":"16.02","kdpumprov":"16","luaswh":"-","tipadm":"Desa"}},{"type":"Feature","id":438,"geometry":null,"properties":{"objectid":438,"namobj":"Gedung Rejo","fcode":"BA03070040","remark":"-","metadata":"METADATA_IGT_BATASDESA_2024","srs_id":"-","kdbbps":"-","kdpumdes":"16.02.21.2012","kdpumkec":"16.02.21","kdpumkab":"16.02","kdpumprov":"16","luaswh":"-","tipadm":"Desa"}},{"type":"Feature","id":443,"geometry":null,"properties":{"objectid":443,"namobj":"Rotan Mulya","fcode":"BA03070040","remark":"-","metadata":"METADATA_IGT_BATASDESA_2024","srs_id":"-","kdbbps":"-","kdpumdes":"16.02.21.2010","kdpumkec":"16.02.21","kdpumkab":"16.02","kdpumprov":"16","luaswh":"-","tipadm":"Desa"}},{"type":"Feature","id":444,"geometry":null,"properties":{"objectid":444,"namobj":"Balian Makmur","fcode":"BA03070040","remark":"-","metadata":"METADATA_IGT_BATASDESA_2024","srs_id":"-","kdbbps":"-","kdpumdes":"16.02.21.2015","kdpumkec":"16.02.21","kdpumkab":"16.02","kdpumprov":"16","luaswh":"-","tipadm":"Desa"}},{"type":"Feature","id":439,"geometry":null,"properties":{"objectid":439,"namobj":"Sumbu Sari","fcode":"BA03070040","remark":"-","metadata":"METADATA_IGT_BATASDESA_2024","srs_id":"-","kdbbps":"-","kdpumdes":"16.02.21.2003","kdpumkec":"16.02.21","kdpumkab":"16.02","kdpumprov":"16","luaswh":"-","tipadm":"Desa"}},{"type":"Feature","id":440,"geometry":null,"properties":{"objectid":440,"namobj":"Ciptasari","fcode":"BA03070040","remark":"-","metadata":"METADATA_IGT_BATASDESA_2024","srs_id":"-","kdbbps":"-","kdpumdes":"16.02.21.2005","kdpumkec":"16.02.21","kdpumkab":"16.02","kdpumprov":"16","luaswh":"-","tipadm":"Desa"}},{"type":"Feature","id":441,"geometry":null,"properties":{"objectid":441,"namobj":"Dabuk Makmur","fcode":"BA03070040","remark":"-","metadata":"METADATA_IGT_BATASDESA_2024","srs_id":"-","kdbbps":"-","kdpumdes":"16.02.21.2017","kdpumkec":"16.02.21","kdpumkab":"16.02","kdpumprov":"16","luaswh":"-","tipadm":"Desa"}},{"type":"Feature","id":442,"geometry":null,"properties":{"objectid":442,"namobj":"Embacang Permai","fcode":"BA03070040","remark":"-","metadata":"METADATA_IGT_BATASDESA_2024","srs_id":"-","kdbbps":"-","kdpumdes":"16.02.21.2011","kdpumkec":"16.02.21","kdpumkab":"16.02","kdpumprov":"16","luaswh":"-","tipadm":"Desa"}},{"type":"Feature","id":393,"geometry":null,"properties":{"objectid":393,"namobj":"Lubuk Seberuk","fcode":"BA03070040","remark":"-","metadata":"METADATA_IGT_BATASDESA_2024","srs_id":"-","kdbbps":"-","kdpumdes":"16.02.22.2002","kdpumkec":"16.02.22","kdpumkab":"16.02","kdpumprov":"16","luaswh":"-","tipadm":"Desa"}},{"type":"Feature","id":445,"geometry":null,"properties":{"objectid":445,"namobj":"Mataram Jaya","fcode":"BA03070040","remark":"-","metadata":"METADATA_IGT_BATASDESA_2024","srs_id":"-","kdbbps":"-","kdpumdes":"16.02.21.2006","kdpumkec":"16.02.21","kdpumkab":"16.02","kdpumprov":"16","luaswh":"-","tipadm":"Desa"}},{"type":"Feature","id":448,"geometry":null,"properties":{"objectid":448,"namobj":"Kemang Indah","fcode":"BA03070040","remark":"-","metadata":"METADATA_IGT_BATASDESA_2024","srs_id":"-","kdbbps":"-","kdpumdes":"16.02.21.2014","kdpumkec":"16.02.21","kdpumkab":"16.02","kdpumprov":"16","luaswh":"-","tipadm":"Desa"}},{"type":"Feature","id":449,"geometry":null,"properties":{"objectid":449,"namobj":"Suka Sari","fcode":"BA03070040","remark":"-","metadata":"METADATA_IGT_BATASDESA_2024","srs_id":"-","kdbbps":"-","kdpumdes":"16.02.21.2004","kdpumkec":"16.02.21","kdpumkab":"16.02","kdpumprov":"16","luaswh":"-","tipadm":"Desa"}},{"type":"Feature","id":523,"geometry":null,"properties":{"objectid":523,"namobj":"Berkat","fcode":"BA03070040","remark":"-","metadata":"METADATA_IGT_BATASDESA_2024","srs_id":"-","kdbbps":"-","kdpumdes":"16.02.08.2015","kdpumkec":"16.02.08","kdpumkab":"16.02","kdpumprov":"16","luaswh":"-","tipadm":"Desa"}},{"type":"Feature","id":450,"geometry":null,"properties":{"objectid":450,"namobj":"Kertamukti","fcode":"BA03070040","remark":"-","metadata":"METADATA_IGT_BATASDESA_2024","srs_id":"-","kdbbps":"-","kdpumdes":"16.02.21.2013","kdpumkec":"16.02.21","kdpumkab":"16.02","kdpumprov":"16","luaswh":"-","tipadm":"Desa"}},{"type":"Feature","id":451,"geometry":null,"properties":{"objectid":451,"namobj":"Balian","fcode":"BA03070040","remark":"-","metadata":"METADATA_IGT_BATASDESA_2024","srs_id":"-","kdbbps":"-","kdpumdes":"16.02.21.2002","kdpumkec":"16.02.21","kdpumkab":"16.02","kdpumprov":"16","luaswh":"-","tipadm":"Desa"}},{"type":"Feature","id":452,"geometry":null,"properties":{"objectid":452,"namobj":"Embacang","fcode":"BA03070040","remark":"-","metadata":"METADATA_IGT_BATASDESA_2024","srs_id":"-","kdbbps":"-","kdpumdes":"16.02.21.2001","kdpumkec":"16.02.21","kdpumkab":"16.02","kdpumprov":"16","luaswh":"-","tipadm":"Desa"}},{"type":"Feature","id":453,"geometry":null,"properties":{"objectid":453,"namobj":"Sri Mulya","fcode":"BA03070040","remark":"-","metadata":"METADATA_IGT_BATASDESA_2024","srs_id":"-","kdbbps":"-","kdpumdes":"16.02.12.2039","kdpumkec":"16.02.12","kdpumkab":"16.02","kdpumprov":"16","luaswh":"-","tipadm":"Desa"}},{"type":"Feature","id":456,"geometry":null,"properties":{"objectid":456,"namobj":"Ulak Kemang","fcode":"BA03070040","remark":"-","metadata":"METADATA_IGT_BATASDESA_2024","srs_id":"-","kdbbps":"-","kdpumdes":"16.02.12.2001","kdpumkec":"16.02.12","kdpumkab":"16.02","kdpumprov":"16","luaswh":"-","tipadm":"Desa"}},{"type":"Feature","id":715,"geometry":null,"properties":{"objectid":715,"namobj":"Kota Bangun III","fcode":"BA03070040","remark":"-","metadata":"METADATA_IGT_BATASDESA_2024","srs_id":"-","kdbbps":"-","kdpumdes":"64.02.19.2006","kdpumkec":"64.02.19","kdpumkab":"64.02","kdpumprov":"64","luaswh":"-","tipadm":"Desa"}},{"type":"Feature","id":457,"geometry":null,"properties":{"objectid":457,"namobj":"Kuro","fcode":"BA03070040","remark":"-","metadata":"METADATA_IGT_BATASDESA_2024","srs_id":"-","kdbbps":"-","kdpumdes":"16.02.12.2010","kdpumkec":"16.02.12","kdpumkab":"16.02","kdpumprov":"16","luaswh":"-","tipadm":"Desa"}},{"type":"Feature","id":459,"geometry":null,"properties":{"objectid":459,"namobj":"Tanjung Kemang","fcode":"BA03070040","remark":"-","metadata":"METADATA_IGT_BATASDESA_2024","srs_id":"-","kdbbps":"-","kdpumdes":"16.02.12.2035","kdpumkec":"16.02.12","kdpumkab":"16.02","kdpumprov":"16","luaswh":"-","tipadm":"Desa"}},{"type":"Feature","id":460,"geometry":null,"properties":{"objectid":460,"namobj":"Ulak Depati","fcode":"BA03070040","remark":"-","metadata":"METADATA_IGT_BATASDESA_2024","srs_id":"-","kdbbps":"-","kdpumdes":"16.02.12.2005","kdpumkec":"16.02.12","kdpumkab":"16.02","kdpumprov":"16","luaswh":"-","tipadm":"Desa"}},{"type":"Feature","id":461,"geometry":null,"properties":{"objectid":461,"namobj":"Tapus","fcode":"BA03070040","remark":"-","metadata":"METADATA_IGT_BATASDESA_2024","srs_id":"-","kdbbps":"-","kdpumdes":"16.02.12.2007","kdpumkec":"16.02.12","kdpumkab":"16.02","kdpumprov":"16","luaswh":"-","tipadm":"Desa"}},{"type":"Feature","id":395,"geometry":null,"properties":{"objectid":395,"namobj":"Suka Jaya","fcode":"BA03070040","remark":"-","metadata":"METADATA_IGT_BATASDESA_2024","srs_id":"-","kdbbps":"-","kdpumdes":"16.02.22.2010","kdpumkec":"16.02.22","kdpumkab":"16.02","kdpumprov":"16","luaswh":"-","tipadm":"Desa"}},{"type":"Feature","id":397,"geometry":null,"properties":{"objectid":397,"namobj":"Tanjung Sari II","fcode":"BA03070040","remark":"-","metadata":"METADATA_IGT_BATASDESA_2024","srs_id":"-","kdbbps":"-","kdpumdes":"16.02.22.2012","kdpumkec":"16.02.22","kdpumkab":"16.02","kdpumprov":"16","luaswh":"-","tipadm":"Desa"}},{"type":"Feature","id":398,"geometry":null,"properties":{"objectid":398,"namobj":"Muara Burnai I","fcode":"BA03070040","remark":"-","metadata":"METADATA_IGT_BATASDESA_2024","srs_id":"-","kdbbps":"-","kdpumdes":"16.02.22.2014","kdpumkec":"16.02.22","kdpumkab":"16.02","kdpumprov":"16","luaswh":"-","tipadm":"Desa"}},{"type":"Feature","id":399,"geometry":null,"properties":{"objectid":399,"namobj":"Tanjung Sari I","fcode":"BA03070040","remark":"-","metadata":"METADATA_IGT_BATASDESA_2024","srs_id":"-","kdbbps":"-","kdpumdes":"16.02.22.2001","kdpumkec":"16.02.22","kdpumkab":"16.02","kdpumprov":"16","luaswh":"-","tipadm":"Desa"}},{"type":"Feature","id":414,"geometry":null,"properties":{"objectid":414,"namobj":"Sukamukti","fcode":"BA03070040","remark":"-","metadata":"METADATA_IGT_BATASDESA_2024","srs_id":"-","kdbbps":"-","kdpumdes":"16.02.04.2025","kdpumkec":"16.02.04","kdpumkab":"16.02","kdpumprov":"16","luaswh":"-","tipadm":"Desa"}},{"type":"Feature","id":401,"geometry":null,"properties":{"objectid":401,"namobj":"Sumber Deras","fcode":"BA03070040","remark":"-","metadata":"METADATA_IGT_BATASDESA_2024","srs_id":"-","kdbbps":"-","kdpumdes":"16.02.04.2038","kdpumkec":"16.02.04","kdpumkab":"16.02","kdpumprov":"16","luaswh":"-","tipadm":"Desa"}},{"type":"Feature","id":404,"geometry":null,"properties":{"objectid":404,"namobj":"Sido Basuki","fcode":"BA03070040","remark":"-","metadata":"METADATA_IGT_BATASDESA_2024","srs_id":"-","kdbbps":"-","kdpumdes":"16.02.04.2051","kdpumkec":"16.02.04","kdpumkab":"16.02","kdpumprov":"16","luaswh":"-","tipadm":"Desa"}},{"type":"Feature","id":407,"geometry":null,"properties":{"objectid":407,"namobj":"Surya Adi","fcode":"BA03070040","remark":"-","metadata":"METADATA_IGT_BATASDESA_2024","srs_id":"-","kdbbps":"-","kdpumdes":"16.02.04.2006","kdpumkec":"16.02.04","kdpumkab":"16.02","kdpumprov":"16","luaswh":"-","tipadm":"Desa"}},{"type":"Feature","id":408,"geometry":null,"properties":{"objectid":408,"namobj":"Pematang Panggang","fcode":"BA03070040","remark":"-","metadata":"METADATA_IGT_BATASDESA_2024","srs_id":"-","kdbbps":"-","kdpumdes":"16.02.04.2001","kdpumkec":"16.02.04","kdpumkab":"16.02","kdpumprov":"16","luaswh":"-","tipadm":"Desa"}},{"type":"Feature","id":409,"geometry":null,"properties":{"objectid":409,"namobj":"Karya Mukti","fcode":"BA03070040","remark":"-","metadata":"METADATA_IGT_BATASDESA_2024","srs_id":"-","kdbbps":"-","kdpumdes":"16.02.04.2035","kdpumkec":"16.02.04","kdpumkab":"16.02","kdpumprov":"16","luaswh":"-","tipadm":"Desa"}},{"type":"Feature","id":416,"geometry":null,"properties":{"objectid":416,"namobj":"Sungai Sodong","fcode":"BA03070040","remark":"-","metadata":"METADATA_IGT_BATASDESA_2024","srs_id":"-","kdbbps":"-","kdpumdes":"16.02.04.2002","kdpumkec":"16.02.04","kdpumkab":"16.02","kdpumprov":"16","luaswh":"-","tipadm":"Desa"}},{"type":"Feature","id":417,"geometry":null,"properties":{"objectid":417,"namobj":"Beringin Jaya","fcode":"BA03070040","remark":"-","metadata":"METADATA_IGT_BATASDESA_2024","srs_id":"-","kdbbps":"-","kdpumdes":"16.02.20.2020","kdpumkec":"16.02.20","kdpumkab":"16.02","kdpumprov":"16","luaswh":"-","tipadm":"Desa"}},{"type":"Feature","id":418,"geometry":null,"properties":{"objectid":418,"namobj":"Cahaya Mulya","fcode":"BA03070040","remark":"-","metadata":"METADATA_IGT_BATASDESA_2024","srs_id":"-","kdbbps":"-","kdpumdes":"16.02.20.2014","kdpumkec":"16.02.20","kdpumkab":"16.02","kdpumprov":"16","luaswh":"-","tipadm":"Desa"}},{"type":"Feature","id":420,"geometry":null,"properties":{"objectid":420,"namobj":"Pematang Binatani","fcode":"BA03070040","remark":"-","metadata":"METADATA_IGT_BATASDESA_2024","srs_id":"-","kdbbps":"-","kdpumdes":"16.02.20.2010","kdpumkec":"16.02.20","kdpumkab":"16.02","kdpumprov":"16","luaswh":"-","tipadm":"Desa"}},{"type":"Feature","id":421,"geometry":null,"properties":{"objectid":421,"namobj":"Pematang Jaya","fcode":"BA03070040","remark":"-","metadata":"METADATA_IGT_BATASDESA_2024","srs_id":"-","kdbbps":"-","kdpumdes":"16.02.20.2005","kdpumkec":"16.02.20","kdpumkab":"16.02","kdpumprov":"16","luaswh":"-","tipadm":"Desa"}},{"type":"Feature","id":422,"geometry":null,"properties":{"objectid":422,"namobj":"Bina Karsa","fcode":"BA03070040","remark":"-","metadata":"METADATA_IGT_BATASDESA_2024","srs_id":"-","kdbbps":"-","kdpumdes":"16.02.20.2011","kdpumkec":"16.02.20","kdpumkab":"16.02","kdpumprov":"16","luaswh":"-","tipadm":"Desa"}},{"type":"Feature","id":423,"geometry":null,"properties":{"objectid":423,"namobj":"Tegal Sari","fcode":"BA03070040","remark":"-","metadata":"METADATA_IGT_BATASDESA_2024","srs_id":"-","kdbbps":"-","kdpumdes":"16.02.20.2003","kdpumkec":"16.02.20","kdpumkab":"16.02","kdpumprov":"16","luaswh":"-","tipadm":"Desa"}},{"type":"Feature","id":428,"geometry":null,"properties":{"objectid":428,"namobj":"Sumber Mulya","fcode":"BA03070040","remark":"-","metadata":"METADATA_IGT_BATASDESA_2024","srs_id":"-","kdbbps":"-","kdpumdes":"16.02.20.2019","kdpumkec":"16.02.20","kdpumkab":"16.02","kdpumprov":"16","luaswh":"-","tipadm":"Desa"}},{"type":"Feature","id":429,"geometry":null,"properties":{"objectid":429,"namobj":"Gading Sari","fcode":"BA03070040","remark":"-","metadata":"METADATA_IGT_BATASDESA_2024","srs_id":"-","kdbbps":"-","kdpumdes":"16.02.20.2015","kdpumkec":"16.02.20","kdpumkab":"16.02","kdpumprov":"16","luaswh":"-","tipadm":"Desa"}},{"type":"Feature","id":430,"geometry":null,"properties":{"objectid":430,"namobj":"Karya Usaha","fcode":"BA03070040","remark":"-","metadata":"METADATA_IGT_BATASDESA_2024","srs_id":"-","kdbbps":"-","kdpumdes":"16.02.20.2009","kdpumkec":"16.02.20","kdpumkab":"16.02","kdpumprov":"16","luaswh":"-","tipadm":"Desa"}},{"type":"Feature","id":431,"geometry":null,"properties":{"objectid":431,"namobj":"Kampung Baru","fcode":"BA03070040","remark":"-","metadata":"METADATA_IGT_BATASDESA_2024","srs_id":"-","kdbbps":"-","kdpumdes":"16.02.20.2007","kdpumkec":"16.02.20","kdpumkab":"16.02","kdpumprov":"16","luaswh":"-","tipadm":"Desa"}},{"type":"Feature","id":432,"geometry":null,"properties":{"objectid":432,"namobj":"Cahaya Mas","fcode":"BA03070040","remark":"-","metadata":"METADATA_IGT_BATASDESA_2024","srs_id":"-","kdbbps":"-","kdpumdes":"16.02.20.2008","kdpumkec":"16.02.20","kdpumkab":"16.02","kdpumprov":"16","luaswh":"-","tipadm":"Desa"}},{"type":"Feature","id":433,"geometry":null,"properties":{"objectid":433,"namobj":"Mesuji Jaya","fcode":"BA03070040","remark":"-","metadata":"METADATA_IGT_BATASDESA_2024","srs_id":"-","kdbbps":"-","kdpumdes":"16.02.20.2018","kdpumkec":"16.02.20","kdpumkab":"16.02","kdpumprov":"16","luaswh":"-","tipadm":"Desa"}},{"type":"Feature","id":425,"geometry":null,"properties":{"objectid":425,"namobj":"Surya Karta","fcode":"BA03070040","remark":"-","metadata":"METADATA_IGT_BATASDESA_2024","srs_id":"-","kdbbps":"-","kdpumdes":"16.02.20.2002","kdpumkec":"16.02.20","kdpumkab":"16.02","kdpumprov":"16","luaswh":"-","tipadm":"Desa"}},{"type":"Feature","id":427,"geometry":null,"properties":{"objectid":427,"namobj":"Pematang Sukaramah","fcode":"BA03070040","remark":"-","metadata":"METADATA_IGT_BATASDESA_2024","srs_id":"-","kdbbps":"-","kdpumdes":"16.02.20.2013","kdpumkec":"16.02.20","kdpumkab":"16.02","kdpumprov":"16","luaswh":"-","tipadm":"Desa"}},{"type":"Feature","id":435,"geometry":null,"properties":{"objectid":435,"namobj":"Pematang Sari","fcode":"BA03070040","remark":"-","metadata":"METADATA_IGT_BATASDESA_2024","srs_id":"-","kdbbps":"-","kdpumdes":"16.02.20.2012","kdpumkec":"16.02.20","kdpumkab":"16.02","kdpumprov":"16","luaswh":"-","tipadm":"Desa"}},{"type":"Feature","id":705,"geometry":null,"properties":{"objectid":705,"namobj":"Sebemban","fcode":"BA03070040","remark":"-","metadata":"METADATA_IGT_BATASDESA_2024","srs_id":"-","kdbbps":"-","kdpumdes":"64.02.18.2002","kdpumkec":"64.02.18","kdpumkab":"64.02","kdpumprov":"64","luaswh":"-","tipadm":"Desa"}},{"type":"Feature","id":436,"geometry":null,"properties":{"objectid":436,"namobj":"Sedyomulyo","fcode":"BA03070040","remark":"-","metadata":"METADATA_IGT_BATASDESA_2024","srs_id":"-","kdbbps":"-","kdpumdes":"16.02.21.2016","kdpumkec":"16.02.21","kdpumkab":"16.02","kdpumprov":"16","luaswh":"-","tipadm":"Desa"}},{"type":"Feature","id":470,"geometry":null,"properties":{"objectid":470,"namobj":"Jermun","fcode":"BA03070040","remark":"-","metadata":"METADATA_IGT_BATASDESA_2024","srs_id":"-","kdbbps":"-","kdpumdes":"16.02.12.2015","kdpumkec":"16.02.12","kdpumkab":"16.02","kdpumprov":"16","luaswh":"-","tipadm":"Desa"}},{"type":"Feature","id":472,"geometry":null,"properties":{"objectid":472,"namobj":"Pampangan","fcode":"BA03070040","remark":"-","metadata":"METADATA_IGT_BATASDESA_2024","srs_id":"-","kdbbps":"-","kdpumdes":"16.02.12.2012","kdpumkec":"16.02.12","kdpumkab":"16.02","kdpumprov":"16","luaswh":"-","tipadm":"Desa"}},{"type":"Feature","id":475,"geometry":null,"properties":{"objectid":475,"namobj":"Bukit Batu","fcode":"BA03070040","remark":"-","metadata":"METADATA_IGT_BATASDESA_2024","srs_id":"-","kdbbps":"-","kdpumdes":"16.02.19.2018","kdpumkec":"16.02.19","kdpumkab":"16.02","kdpumprov":"16","luaswh":"-","tipadm":"Desa"}},{"type":"Feature","id":476,"geometry":null,"properties":{"objectid":476,"namobj":"Rawa Tenam","fcode":"BA03070040","remark":"-","metadata":"METADATA_IGT_BATASDESA_2024","srs_id":"-","kdbbps":"-","kdpumdes":"16.02.19.2019","kdpumkec":"16.02.19","kdpumkab":"16.02","kdpumprov":"16","luaswh":"-","tipadm":"Desa"}},{"type":"Feature","id":480,"geometry":null,"properties":{"objectid":480,"namobj":"Lebung Batang","fcode":"BA03070040","remark":"-","metadata":"METADATA_IGT_BATASDESA_2024","srs_id":"-","kdbbps":"-","kdpumdes":"16.02.19.2004","kdpumkec":"16.02.19","kdpumkab":"16.02","kdpumprov":"16","luaswh":"-","tipadm":"Desa"}},{"type":"Feature","id":481,"geometry":null,"properties":{"objectid":481,"namobj":"Lirik","fcode":"BA03070040","remark":"-","metadata":"METADATA_IGT_BATASDESA_2024","srs_id":"-","kdbbps":"-","kdpumdes":"16.02.19.2003","kdpumkec":"16.02.19","kdpumkab":"16.02","kdpumprov":"16","luaswh":"-","tipadm":"Desa"}},{"type":"Feature","id":482,"geometry":null,"properties":{"objectid":482,"namobj":"Air Pedara","fcode":"BA03070040","remark":"-","metadata":"METADATA_IGT_BATASDESA_2024","srs_id":"-","kdbbps":"-","kdpumdes":"16.02.19.2012","kdpumkec":"16.02.19","kdpumkab":"16.02","kdpumprov":"16","luaswh":"-","tipadm":"Desa"}},{"type":"Feature","id":706,"geometry":null,"properties":{"objectid":706,"namobj":"Sabintulung","fcode":"BA03070040","remark":"-","metadata":"METADATA_IGT_BATASDESA_2024","srs_id":"-","kdbbps":"-","kdpumdes":"64.02.11.2006","kdpumkec":"64.02.11","kdpumkab":"64.02","kdpumprov":"64","luaswh":"-","tipadm":"Desa"}},{"type":"Feature","id":679,"geometry":null,"properties":{"objectid":679,"namobj":"Kayu Batu","fcode":"BA03070040","remark":"-","metadata":"METADATA_IGT_BATASDESA_2024","srs_id":"-","kdbbps":"-","kdpumdes":"64.02.01.2009","kdpumkec":"64.02.01","kdpumkab":"64.02","kdpumprov":"64","luaswh":"-","tipadm":"Desa"}},{"type":"Feature","id":680,"geometry":null,"properties":{"objectid":680,"namobj":"Pulau Pinang","fcode":"BA03070040","remark":"-","metadata":"METADATA_IGT_BATASDESA_2024","srs_id":"-","kdbbps":"-","kdpumdes":"64.02.10.2006","kdpumkec":"64.02.10","kdpumkab":"64.02","kdpumprov":"64","luaswh":"-","tipadm":"Desa"}},{"type":"Feature","id":486,"geometry":null,"properties":{"objectid":486,"namobj":"Sunggutan","fcode":"BA03070040","remark":"-","metadata":"METADATA_IGT_BATASDESA_2024","srs_id":"-","kdbbps":"-","kdpumdes":"16.02.19.2010","kdpumkec":"16.02.19","kdpumkab":"16.02","kdpumprov":"16","luaswh":"-","tipadm":"Desa"}},{"type":"Feature","id":488,"geometry":null,"properties":{"objectid":488,"namobj":"Talang Daya","fcode":"BA03070040","remark":"-","metadata":"METADATA_IGT_BATASDESA_2024","srs_id":"-","kdbbps":"-","kdpumdes":"16.02.19.2014","kdpumkec":"16.02.19","kdpumkab":"16.02","kdpumprov":"16","luaswh":"-","tipadm":"Desa"}},{"type":"Feature","id":496,"geometry":null,"properties":{"objectid":496,"namobj":"Serinanti","fcode":"BA03070040","remark":"-","metadata":"METADATA_IGT_BATASDESA_2024","srs_id":"-","kdbbps":"-","kdpumdes":"16.02.03.2010","kdpumkec":"16.02.03","kdpumkab":"16.02","kdpumprov":"16","luaswh":"-","tipadm":"Desa"}},{"type":"Feature","id":498,"geometry":null,"properties":{"objectid":498,"namobj":"Pedamaran II","fcode":"BA03070040","remark":"-","metadata":"METADATA_IGT_BATASDESA_2024","srs_id":"-","kdbbps":"-","kdpumdes":"16.02.03.2006","kdpumkec":"16.02.03","kdpumkab":"16.02","kdpumprov":"16","luaswh":"-","tipadm":"Desa"}},{"type":"Feature","id":499,"geometry":null,"properties":{"objectid":499,"namobj":"Pedamaran III","fcode":"BA03070040","remark":"-","metadata":"METADATA_IGT_BATASDESA_2024","srs_id":"-","kdbbps":"-","kdpumdes":"16.02.03.2005","kdpumkec":"16.02.03","kdpumkab":"16.02","kdpumprov":"16","luaswh":"-","tipadm":"Desa"}},{"type":"Feature","id":500,"geometry":null,"properties":{"objectid":500,"namobj":"Pedamaran IV","fcode":"BA03070040","remark":"-","metadata":"METADATA_IGT_BATASDESA_2024","srs_id":"-","kdbbps":"-","kdpumdes":"16.02.03.2004","kdpumkec":"16.02.03","kdpumkab":"16.02","kdpumprov":"16","luaswh":"-","tipadm":"Desa"}},{"type":"Feature","id":510,"geometry":null,"properties":{"objectid":510,"namobj":"Pancawarna","fcode":"BA03070040","remark":"-","metadata":"METADATA_IGT_BATASDESA_2024","srs_id":"-","kdbbps":"-","kdpumdes":"16.02.24.2005","kdpumkec":"16.02.24","kdpumkab":"16.02","kdpumprov":"16","luaswh":"-","tipadm":"Desa"}},{"type":"Feature","id":507,"geometry":null,"properties":{"objectid":507,"namobj":"Pedamaran V","fcode":"BA03070040","remark":"-","metadata":"METADATA_IGT_BATASDESA_2024","srs_id":"-","kdbbps":"-","kdpumdes":"16.02.03.2003","kdpumkec":"16.02.03","kdpumkab":"16.02","kdpumprov":"16","luaswh":"-","tipadm":"Desa"}},{"type":"Feature","id":508,"geometry":null,"properties":{"objectid":508,"namobj":"Tanjung Makmur","fcode":"BA03070040","remark":"-","metadata":"METADATA_IGT_BATASDESA_2024","srs_id":"-","kdbbps":"-","kdpumdes":"16.02.24.2006","kdpumkec":"16.02.24","kdpumkab":"16.02","kdpumprov":"16","luaswh":"-","tipadm":"Desa"}},{"type":"Feature","id":509,"geometry":null,"properties":{"objectid":509,"namobj":"Gading Raja","fcode":"BA03070040","remark":"-","metadata":"METADATA_IGT_BATASDESA_2024","srs_id":"-","kdbbps":"-","kdpumdes":"16.02.24.2003","kdpumkec":"16.02.24","kdpumkab":"16.02","kdpumprov":"16","luaswh":"-","tipadm":"Desa"}},{"type":"Feature","id":511,"geometry":null,"properties":{"objectid":511,"namobj":"Sumber Hidup","fcode":"BA03070040","remark":"-","metadata":"METADATA_IGT_BATASDESA_2024","srs_id":"-","kdbbps":"-","kdpumdes":"16.02.24.2002","kdpumkec":"16.02.24","kdpumkab":"16.02","kdpumprov":"16","luaswh":"-","tipadm":"Desa"}},{"type":"Feature","id":501,"geometry":null,"properties":{"objectid":501,"namobj":"Suka Pulih","fcode":"BA03070040","remark":"-","metadata":"METADATA_IGT_BATASDESA_2024","srs_id":"-","kdbbps":"-","kdpumdes":"16.02.03.2018","kdpumkec":"16.02.03","kdpumkab":"16.02","kdpumprov":"16","luaswh":"-","tipadm":"Desa"}},{"type":"Feature","id":504,"geometry":null,"properties":{"objectid":504,"namobj":"Sukaraja","fcode":"BA03070040","remark":"-","metadata":"METADATA_IGT_BATASDESA_2024","srs_id":"-","kdbbps":"-","kdpumdes":"16.02.03.2011","kdpumkec":"16.02.03","kdpumkab":"16.02","kdpumprov":"16","luaswh":"-","tipadm":"Desa"}},{"type":"Feature","id":505,"geometry":null,"properties":{"objectid":505,"namobj":"Cinta Jaya","fcode":"BA03070040","remark":"-","metadata":"METADATA_IGT_BATASDESA_2024","srs_id":"-","kdbbps":"-","kdpumdes":"16.02.03.2008","kdpumkec":"16.02.03","kdpumkab":"16.02","kdpumprov":"16","luaswh":"-","tipadm":"Desa"}},{"type":"Feature","id":506,"geometry":null,"properties":{"objectid":506,"namobj":"Pedamaran VI","fcode":"BA03070040","remark":"-","metadata":"METADATA_IGT_BATASDESA_2024","srs_id":"-","kdbbps":"-","kdpumdes":"16.02.03.2002","kdpumkec":"16.02.03","kdpumkab":"16.02","kdpumprov":"16","luaswh":"-","tipadm":"Desa"}},{"type":"Feature","id":502,"geometry":null,"properties":{"objectid":502,"namobj":"Burnai Timur","fcode":"BA03070040","remark":"-","metadata":"METADATA_IGT_BATASDESA_2024","srs_id":"-","kdbbps":"-","kdpumdes":"16.02.03.2017","kdpumkec":"16.02.03","kdpumkab":"16.02","kdpumprov":"16","luaswh":"-","tipadm":"Desa"}},{"type":"Feature","id":503,"geometry":null,"properties":{"objectid":503,"namobj":"Menang Raya","fcode":"BA03070040","remark":"-","metadata":"METADATA_IGT_BATASDESA_2024","srs_id":"-","kdbbps":"-","kdpumdes":"16.02.03.2019","kdpumkec":"16.02.03","kdpumkab":"16.02","kdpumprov":"16","luaswh":"-","tipadm":"Desa"}},{"type":"Feature","id":489,"geometry":null,"properties":{"objectid":489,"namobj":"Suka Damai","fcode":"BA03070040","remark":"-","metadata":"METADATA_IGT_BATASDESA_2024","srs_id":"-","kdbbps":"-","kdpumdes":"16.02.19.2011","kdpumkec":"16.02.19","kdpumkab":"16.02","kdpumprov":"16","luaswh":"-","tipadm":"Desa"}},{"type":"Feature","id":490,"geometry":null,"properties":{"objectid":490,"namobj":"Rimba Samak","fcode":"BA03070040","remark":"-","metadata":"METADATA_IGT_BATASDESA_2024","srs_id":"-","kdbbps":"-","kdpumdes":"16.02.19.2013","kdpumkec":"16.02.19","kdpumkab":"16.02","kdpumprov":"16","luaswh":"-","tipadm":"Desa"}},{"type":"Feature","id":491,"geometry":null,"properties":{"objectid":491,"namobj":"Air Rumbai","fcode":"BA03070040","remark":"-","metadata":"METADATA_IGT_BATASDESA_2024","srs_id":"-","kdbbps":"-","kdpumdes":"16.02.19.2015","kdpumkec":"16.02.19","kdpumkab":"16.02","kdpumprov":"16","luaswh":"-","tipadm":"Desa"}},{"type":"Feature","id":492,"geometry":null,"properties":{"objectid":492,"namobj":"Perigi","fcode":"BA03070040","remark":"-","metadata":"METADATA_IGT_BATASDESA_2024","srs_id":"-","kdbbps":"-","kdpumdes":"16.02.19.2017","kdpumkec":"16.02.19","kdpumkab":"16.02","kdpumprov":"16","luaswh":"-","tipadm":"Desa"}},{"type":"Feature","id":493,"geometry":null,"properties":{"objectid":493,"namobj":"Rambai","fcode":"BA03070040","remark":"-","metadata":"METADATA_IGT_BATASDESA_2024","srs_id":"-","kdbbps":"-","kdpumdes":"16.02.19.2016","kdpumkec":"16.02.19","kdpumkab":"16.02","kdpumprov":"16","luaswh":"-","tipadm":"Desa"}},{"type":"Feature","id":494,"geometry":null,"properties":{"objectid":494,"namobj":"Lebuh Rarak","fcode":"BA03070040","remark":"-","metadata":"METADATA_IGT_BATASDESA_2024","srs_id":"-","kdbbps":"-","kdpumdes":"16.02.03.2021","kdpumkec":"16.02.03","kdpumkab":"16.02","kdpumprov":"16","luaswh":"-","tipadm":"Desa"}},{"type":"Feature","id":495,"geometry":null,"properties":{"objectid":495,"namobj":"Sukadamai","fcode":"BA03070040","remark":"-","metadata":"METADATA_IGT_BATASDESA_2024","srs_id":"-","kdbbps":"-","kdpumdes":"16.02.03.2009","kdpumkec":"16.02.03","kdpumkab":"16.02","kdpumprov":"16","luaswh":"-","tipadm":"Desa"}},{"type":"Feature","id":463,"geometry":null,"properties":{"objectid":463,"namobj":"Ulak Pianggu","fcode":"BA03070040","remark":"-","metadata":"METADATA_IGT_BATASDESA_2024","srs_id":"-","kdbbps":"-","kdpumdes":"16.02.12.2036","kdpumkec":"16.02.12","kdpumkab":"16.02","kdpumprov":"16","luaswh":"-","tipadm":"Desa"}},{"type":"Feature","id":719,"geometry":null,"properties":{"objectid":719,"namobj":"Sumber Sari","fcode":"BA03070040","remark":"-","metadata":"METADATA_IGT_BATASDESA_2024","srs_id":"-","kdbbps":"-","kdpumdes":"64.02.19.2007","kdpumkec":"64.02.19","kdpumkab":"64.02","kdpumprov":"64","luaswh":"-","tipadm":"Desa"}},{"type":"Feature","id":464,"geometry":null,"properties":{"objectid":464,"namobj":"Keman","fcode":"BA03070040","remark":"-","metadata":"METADATA_IGT_BATASDESA_2024","srs_id":"-","kdbbps":"-","kdpumdes":"16.02.12.2003","kdpumkec":"16.02.12","kdpumkab":"16.02","kdpumprov":"16","luaswh":"-","tipadm":"Desa"}},{"type":"Feature","id":466,"geometry":null,"properties":{"objectid":466,"namobj":"Bangsal","fcode":"BA03070040","remark":"-","metadata":"METADATA_IGT_BATASDESA_2024","srs_id":"-","kdbbps":"-","kdpumdes":"16.02.12.2009","kdpumkec":"16.02.12","kdpumkab":"16.02","kdpumprov":"16","luaswh":"-","tipadm":"Desa"}},{"type":"Feature","id":468,"geometry":null,"properties":{"objectid":468,"namobj":"Serimenang","fcode":"BA03070040","remark":"-","metadata":"METADATA_IGT_BATASDESA_2024","srs_id":"-","kdbbps":"-","kdpumdes":"16.02.12.2013","kdpumkec":"16.02.12","kdpumkab":"16.02","kdpumprov":"16","luaswh":"-","tipadm":"Desa"}},{"type":"Feature","id":469,"geometry":null,"properties":{"objectid":469,"namobj":"Secondong","fcode":"BA03070040","remark":"-","metadata":"METADATA_IGT_BATASDESA_2024","srs_id":"-","kdbbps":"-","kdpumdes":"16.02.12.2014","kdpumkec":"16.02.12","kdpumkab":"16.02","kdpumprov":"16","luaswh":"-","tipadm":"Desa"}},{"type":"Feature","id":536,"geometry":null,"properties":{"objectid":536,"namobj":"Gajah Mulya","fcode":"BA03070040","remark":"-","metadata":"METADATA_IGT_BATASDESA_2024","srs_id":"-","kdbbps":"-","kdpumdes":"16.02.15.2016","kdpumkec":"16.02.15","kdpumkab":"16.02","kdpumprov":"16","luaswh":"-","tipadm":"Desa"}},{"type":"Feature","id":535,"geometry":null,"properties":{"objectid":535,"namobj":"Pinang Indah","fcode":"BA03070040","remark":"Batas Desa belum sesuai dengan garis pantai BIG","metadata":"METADATA_IGT_BATASDESA_2024","srs_id":"-","kdbbps":"-","kdpumdes":"16.02.15.2012","kdpumkec":"16.02.15","kdpumkab":"16.02","kdpumprov":"16","luaswh":"-","tipadm":"Desa"}},{"type":"Feature","id":539,"geometry":null,"properties":{"objectid":539,"namobj":"Sri Gading","fcode":"BA03070040","remark":"-","metadata":"METADATA_IGT_BATASDESA_2024","srs_id":"-","kdbbps":"-","kdpumdes":"16.02.15.2017","kdpumkec":"16.02.15","kdpumkab":"16.02","kdpumprov":"16","luaswh":"-","tipadm":"Desa"}},{"type":"Feature","id":540,"geometry":null,"properties":{"objectid":540,"namobj":"Gading Jaya","fcode":"BA03070040","remark":"-","metadata":"METADATA_IGT_BATASDESA_2024","srs_id":"-","kdbbps":"-","kdpumdes":"16.02.15.2014","kdpumkec":"16.02.15","kdpumkab":"16.02","kdpumprov":"16","luaswh":"-","tipadm":"Desa"}},{"type":"Feature","id":541,"geometry":null,"properties":{"objectid":541,"namobj":"Bumi Pratama Mandira","fcode":"BA03070040","remark":"Batas Desa belum sesuai dengan garis pantai BIG","metadata":"METADATA_IGT_BATASDESA_2024","srs_id":"-","kdbbps":"-","kdpumdes":"16.02.15.2011","kdpumkec":"16.02.15","kdpumkab":"16.02","kdpumprov":"16","luaswh":"-","tipadm":"Desa"}},{"type":"Feature","id":542,"geometry":null,"properties":{"objectid":542,"namobj":"Gajah Makmur","fcode":"BA03070040","remark":"-","metadata":"METADATA_IGT_BATASDESA_2024","srs_id":"-","kdbbps":"-","kdpumdes":"16.02.15.2013","kdpumkec":"16.02.15","kdpumkab":"16.02","kdpumprov":"16","luaswh":"-","tipadm":"Desa"}},{"type":"Feature","id":543,"geometry":null,"properties":{"objectid":543,"namobj":"Sungai Sibur","fcode":"BA03070040","remark":"Batas Desa belum sesuai dengan garis pantai BIG","metadata":"METADATA_IGT_BATASDESA_2024","srs_id":"-","kdbbps":"-","kdpumdes":"16.02.15.2006","kdpumkec":"16.02.15","kdpumkab":"16.02","kdpumprov":"16","luaswh":"-","tipadm":"Desa"}},{"type":"Feature","id":545,"geometry":null,"properties":{"objectid":545,"namobj":"Harapan Jaya","fcode":"BA03070040","remark":"-","metadata":"METADATA_IGT_BATASDESA_2024","srs_id":"-","kdbbps":"-","kdpumdes":"16.02.15.2008","kdpumkec":"16.02.15","kdpumkab":"16.02","kdpumprov":"16","luaswh":"-","tipadm":"Desa"}},{"type":"Feature","id":546,"geometry":null,"properties":{"objectid":546,"namobj":"Karangsia","fcode":"BA03070040","remark":"-","metadata":"METADATA_IGT_BATASDESA_2024","srs_id":"-","kdbbps":"-","kdpumdes":"16.02.15.2002","kdpumkec":"16.02.15","kdpumkab":"16.02","kdpumprov":"16","luaswh":"-","tipadm":"Desa"}},{"type":"Feature","id":549,"geometry":null,"properties":{"objectid":549,"namobj":"Sidomulyo","fcode":"BA03070040","remark":"-","metadata":"METADATA_IGT_BATASDESA_2024","srs_id":"-","kdbbps":"-","kdpumdes":"16.02.15.2010","kdpumkec":"16.02.15","kdpumkab":"16.02","kdpumprov":"16","luaswh":"-","tipadm":"Desa"}},{"type":"Feature","id":550,"geometry":null,"properties":{"objectid":550,"namobj":"Sungai Tepuk","fcode":"BA03070040","remark":"-","metadata":"METADATA_IGT_BATASDESA_2024","srs_id":"-","kdbbps":"-","kdpumdes":"16.02.15.2005","kdpumkec":"16.02.15","kdpumkab":"16.02","kdpumprov":"16","luaswh":"-","tipadm":"Desa"}},{"type":"Feature","id":515,"geometry":null,"properties":{"objectid":515,"namobj":"Terusan Laut","fcode":"BA03070040","remark":"-","metadata":"METADATA_IGT_BATASDESA_2024","srs_id":"-","kdbbps":"-","kdpumdes":"16.02.08.2020","kdpumkec":"16.02.08","kdpumkab":"16.02","kdpumprov":"16","luaswh":"-","tipadm":"Desa"}},{"type":"Feature","id":553,"geometry":null,"properties":{"objectid":553,"namobj":"Kotabumi","fcode":"BA03070040","remark":"-","metadata":"METADATA_IGT_BATASDESA_2024","srs_id":"-","kdbbps":"-","kdpumdes":"16.02.02.2013","kdpumkec":"16.02.02","kdpumkab":"16.02","kdpumprov":"16","luaswh":"-","tipadm":"Desa"}},{"type":"Feature","id":554,"geometry":null,"properties":{"objectid":554,"namobj":"Bumiagung","fcode":"BA03070040","remark":"-","metadata":"METADATA_IGT_BATASDESA_2024","srs_id":"-","kdbbps":"-","kdpumdes":"16.02.02.2012","kdpumkec":"16.02.02","kdpumkab":"16.02","kdpumprov":"16","luaswh":"-","tipadm":"Desa"}},{"type":"Feature","id":516,"geometry":null,"properties":{"objectid":516,"namobj":"Sukaraja","fcode":"BA03070040","remark":"-","metadata":"METADATA_IGT_BATASDESA_2024","srs_id":"-","kdbbps":"-","kdpumdes":"16.02.08.2016","kdpumkec":"16.02.08","kdpumkab":"16.02","kdpumprov":"16","luaswh":"-","tipadm":"Desa"}},{"type":"Feature","id":555,"geometry":null,"properties":{"objectid":555,"namobj":"Pulau Gemantung Ulu","fcode":"BA03070040","remark":"-","metadata":"METADATA_IGT_BATASDESA_2024","srs_id":"-","kdbbps":"-","kdpumdes":"16.02.02.2035","kdpumkec":"16.02.02","kdpumkab":"16.02","kdpumprov":"16","luaswh":"-","tipadm":"Desa"}},{"type":"Feature","id":517,"geometry":null,"properties":{"objectid":517,"namobj":"Batu Ampar Baru","fcode":"BA03070040","remark":"-","metadata":"METADATA_IGT_BATASDESA_2024","srs_id":"-","kdbbps":"-","kdpumdes":"16.02.08.2019","kdpumkec":"16.02.08","kdpumkab":"16.02","kdpumprov":"16","luaswh":"-","tipadm":"Desa"}},{"type":"Feature","id":556,"geometry":null,"properties":{"objectid":556,"namobj":"Pulau Gemantung Ilir","fcode":"BA03070040","remark":"-","metadata":"METADATA_IGT_BATASDESA_2024","srs_id":"-","kdbbps":"-","kdpumdes":"16.02.02.2034","kdpumkec":"16.02.02","kdpumkab":"16.02","kdpumprov":"16","luaswh":"-","tipadm":"Desa"}},{"type":"Feature","id":557,"geometry":null,"properties":{"objectid":557,"namobj":"Pulau Gemantung","fcode":"BA03070040","remark":"-","metadata":"METADATA_IGT_BATASDESA_2024","srs_id":"-","kdbbps":"-","kdpumdes":"16.02.02.2010","kdpumkec":"16.02.02","kdpumkab":"16.02","kdpumprov":"16","luaswh":"-","tipadm":"Desa"}},{"type":"Feature","id":559,"geometry":null,"properties":{"objectid":559,"namobj":"Jukdadak","fcode":"BA03070040","remark":"-","metadata":"METADATA_IGT_BATASDESA_2024","srs_id":"-","kdbbps":"-","kdpumdes":"16.02.02.2031","kdpumkec":"16.02.02","kdpumkab":"16.02","kdpumprov":"16","luaswh":"-","tipadm":"Desa"}},{"type":"Feature","id":560,"geometry":null,"properties":{"objectid":560,"namobj":"Tanjung Merindu","fcode":"BA03070040","remark":"-","metadata":"METADATA_IGT_BATASDESA_2024","srs_id":"-","kdbbps":"-","kdpumdes":"16.02.02.2002","kdpumkec":"16.02.02","kdpumkab":"16.02","kdpumprov":"16","luaswh":"-","tipadm":"Desa"}},{"type":"Feature","id":561,"geometry":null,"properties":{"objectid":561,"namobj":"Tanjung Harapan","fcode":"BA03070040","remark":"-","metadata":"METADATA_IGT_BATASDESA_2024","srs_id":"-","kdbbps":"-","kdpumdes":"16.02.02.2033","kdpumkec":"16.02.02","kdpumkab":"16.02","kdpumprov":"16","luaswh":"-","tipadm":"Desa"}},{"type":"Feature","id":512,"geometry":null,"properties":{"objectid":512,"namobj":"Maribaya","fcode":"BA03070040","remark":"-","metadata":"METADATA_IGT_BATASDESA_2024","srs_id":"-","kdbbps":"-","kdpumdes":"16.02.24.2004","kdpumkec":"16.02.24","kdpumkab":"16.02","kdpumprov":"16","luaswh":"-","tipadm":"Desa"}},{"type":"Feature","id":514,"geometry":null,"properties":{"objectid":514,"namobj":"Pulau Geronggang","fcode":"BA03070040","remark":"-","metadata":"METADATA_IGT_BATASDESA_2024","srs_id":"-","kdbbps":"-","kdpumdes":"16.02.24.2001","kdpumkec":"16.02.24","kdpumkab":"16.02","kdpumprov":"16","luaswh":"-","tipadm":"Desa"}},{"type":"Feature","id":562,"geometry":null,"properties":{"objectid":562,"namobj":"Jambu Ilir","fcode":"BA03070040","remark":"-","metadata":"METADATA_IGT_BATASDESA_2024","srs_id":"-","kdbbps":"-","kdpumdes":"16.02.02.2018","kdpumkec":"16.02.02","kdpumkab":"16.02","kdpumprov":"16","luaswh":"-","tipadm":"Desa"}},{"type":"Feature","id":563,"geometry":null,"properties":{"objectid":563,"namobj":"Sukamulya","fcode":"BA03070040","remark":"-","metadata":"METADATA_IGT_BATASDESA_2024","srs_id":"-","kdbbps":"-","kdpumdes":"16.02.02.2008","kdpumkec":"16.02.02","kdpumkab":"16.02","kdpumprov":"16","luaswh":"-","tipadm":"Desa"}},{"type":"Feature","id":564,"geometry":null,"properties":{"objectid":564,"namobj":"Pengaraian","fcode":"BA03070040","remark":"-","metadata":"METADATA_IGT_BATASDESA_2024","srs_id":"-","kdbbps":"-","kdpumdes":"16.02.02.2005","kdpumkec":"16.02.02","kdpumkab":"16.02","kdpumprov":"16","luaswh":"-","tipadm":"Desa"}},{"type":"Feature","id":518,"geometry":null,"properties":{"objectid":518,"namobj":"Batu Ampar","fcode":"BA03070040","remark":"-","metadata":"METADATA_IGT_BATASDESA_2024","srs_id":"-","kdbbps":"-","kdpumdes":"16.02.08.2002","kdpumkec":"16.02.08","kdpumkab":"16.02","kdpumprov":"16","luaswh":"-","tipadm":"Desa"}},{"type":"Feature","id":519,"geometry":null,"properties":{"objectid":519,"namobj":"Awal Terusan","fcode":"BA03070040","remark":"-","metadata":"METADATA_IGT_BATASDESA_2024","srs_id":"-","kdbbps":"-","kdpumdes":"16.02.08.2003","kdpumkec":"16.02.08","kdpumkab":"16.02","kdpumprov":"16","luaswh":"-","tipadm":"Desa"}},{"type":"Feature","id":520,"geometry":null,"properties":{"objectid":520,"namobj":"Ulak Jermun","fcode":"BA03070040","remark":"-","metadata":"METADATA_IGT_BATASDESA_2024","srs_id":"-","kdbbps":"-","kdpumdes":"16.02.08.2004","kdpumkec":"16.02.08","kdpumkab":"16.02","kdpumprov":"16","luaswh":"-","tipadm":"Desa"}},{"type":"Feature","id":521,"geometry":null,"properties":{"objectid":521,"namobj":"Serdang Menang","fcode":"BA03070040","remark":"-","metadata":"METADATA_IGT_BATASDESA_2024","srs_id":"-","kdbbps":"-","kdpumdes":"16.02.08.2012","kdpumkec":"16.02.08","kdpumkab":"16.02","kdpumprov":"16","luaswh":"-","tipadm":"Desa"}},{"type":"Feature","id":522,"geometry":null,"properties":{"objectid":522,"namobj":"Bungin Tinggi","fcode":"BA03070040","remark":"-","metadata":"METADATA_IGT_BATASDESA_2024","srs_id":"-","kdbbps":"-","kdpumdes":"16.02.08.2013","kdpumkec":"16.02.08","kdpumkab":"16.02","kdpumprov":"16","luaswh":"-","tipadm":"Desa"}},{"type":"Feature","id":524,"geometry":null,"properties":{"objectid":524,"namobj":"Penyandingan","fcode":"BA03070040","remark":"-","metadata":"METADATA_IGT_BATASDESA_2024","srs_id":"-","kdbbps":"-","kdpumdes":"16.02.08.2014","kdpumkec":"16.02.08","kdpumkab":"16.02","kdpumprov":"16","luaswh":"-","tipadm":"Desa"}},{"type":"Feature","id":525,"geometry":null,"properties":{"objectid":525,"namobj":"Rengas Pitu","fcode":"BA03070040","remark":"-","metadata":"METADATA_IGT_BATASDESA_2024","srs_id":"-","kdbbps":"-","kdpumdes":"16.02.08.2009","kdpumkec":"16.02.08","kdpumkab":"16.02","kdpumprov":"16","luaswh":"-","tipadm":"Desa"}},{"type":"Feature","id":526,"geometry":null,"properties":{"objectid":526,"namobj":"Pantai","fcode":"BA03070040","remark":"-","metadata":"METADATA_IGT_BATASDESA_2024","srs_id":"-","kdbbps":"-","kdpumdes":"16.02.08.2010","kdpumkec":"16.02.08","kdpumkab":"16.02","kdpumprov":"16","luaswh":"-","tipadm":"Desa"}},{"type":"Feature","id":527,"geometry":null,"properties":{"objectid":527,"namobj":"Terusan Menang","fcode":"BA03070040","remark":"-","metadata":"METADATA_IGT_BATASDESA_2024","srs_id":"-","kdbbps":"-","kdpumdes":"16.02.08.2006","kdpumkec":"16.02.08","kdpumkab":"16.02","kdpumprov":"16","luaswh":"-","tipadm":"Desa"}},{"type":"Feature","id":531,"geometry":null,"properties":{"objectid":531,"namobj":"Terate","fcode":"BA03070040","remark":"-","metadata":"METADATA_IGT_BATASDESA_2024","srs_id":"-","kdbbps":"-","kdpumdes":"16.02.08.2008","kdpumkec":"16.02.08","kdpumkab":"16.02","kdpumprov":"16","luaswh":"-","tipadm":"Desa"}},{"type":"Feature","id":528,"geometry":null,"properties":{"objectid":528,"namobj":"Rawang Besar","fcode":"BA03070040","remark":"-","metadata":"METADATA_IGT_BATASDESA_2024","srs_id":"-","kdbbps":"-","kdpumdes":"16.02.08.2018","kdpumkec":"16.02.08","kdpumkab":"16.02","kdpumprov":"16","luaswh":"-","tipadm":"Desa"}},{"type":"Feature","id":577,"geometry":null,"properties":{"objectid":577,"namobj":"Cinta Marga","fcode":"BA03070040","remark":"-","metadata":"METADATA_IGT_BATASDESA_2024","srs_id":"-","kdbbps":"-","kdpumdes":"16.02.23.2006","kdpumkec":"16.02.23","kdpumkab":"16.02","kdpumprov":"16","luaswh":"-","tipadm":"Desa"}},{"type":"Feature","id":578,"geometry":null,"properties":{"objectid":578,"namobj":"Kuripan","fcode":"BA03070040","remark":"-","metadata":"METADATA_IGT_BATASDESA_2024","srs_id":"-","kdbbps":"-","kdpumdes":"16.02.23.2005","kdpumkec":"16.02.23","kdpumkab":"16.02","kdpumprov":"16","luaswh":"-","tipadm":"Desa"}},{"type":"Feature","id":529,"geometry":null,"properties":{"objectid":529,"namobj":"Pematang Buluran","fcode":"BA03070040","remark":"-","metadata":"METADATA_IGT_BATASDESA_2024","srs_id":"-","kdbbps":"-","kdpumdes":"16.02.08.2017","kdpumkec":"16.02.08","kdpumkab":"16.02","kdpumprov":"16","luaswh":"-","tipadm":"Desa"}},{"type":"Feature","id":530,"geometry":null,"properties":{"objectid":530,"namobj":"Mangun Jaya","fcode":"BA03070040","remark":"-","metadata":"METADATA_IGT_BATASDESA_2024","srs_id":"-","kdbbps":"-","kdpumdes":"16.02.08.2005","kdpumkec":"16.02.08","kdpumkab":"16.02","kdpumprov":"16","luaswh":"-","tipadm":"Desa"}},{"type":"Feature","id":686,"geometry":null,"properties":{"objectid":686,"namobj":"Semayang","fcode":"BA03070040","remark":"-","metadata":"METADATA_IGT_BATASDESA_2024","srs_id":"-","kdbbps":"-","kdpumdes":"64.02.09.2006","kdpumkec":"64.02.09","kdpumkab":"64.02","kdpumprov":"64","luaswh":"-","tipadm":"Desa"}},{"type":"Feature","id":532,"geometry":null,"properties":{"objectid":532,"namobj":"Sirah Pulau Padang","fcode":"BA03070040","remark":"-","metadata":"METADATA_IGT_BATASDESA_2024","srs_id":"-","kdbbps":"-","kdpumdes":"16.02.08.2011","kdpumkec":"16.02.08","kdpumkab":"16.02","kdpumprov":"16","luaswh":"-","tipadm":"Desa"}},{"type":"Feature","id":533,"geometry":null,"properties":{"objectid":533,"namobj":"Tanjung Alai","fcode":"BA03070040","remark":"-","metadata":"METADATA_IGT_BATASDESA_2024","srs_id":"-","kdbbps":"-","kdpumdes":"16.02.08.2001","kdpumkec":"16.02.08","kdpumkab":"16.02","kdpumprov":"16","luaswh":"-","tipadm":"Desa"}},{"type":"Feature","id":534,"geometry":null,"properties":{"objectid":534,"namobj":"Belanti","fcode":"BA03070040","remark":"-","metadata":"METADATA_IGT_BATASDESA_2024","srs_id":"-","kdbbps":"-","kdpumdes":"16.02.08.2007","kdpumkec":"16.02.08","kdpumkab":"16.02","kdpumprov":"16","luaswh":"-","tipadm":"Desa"}},{"type":"Feature","id":597,"geometry":null,"properties":{"objectid":597,"namobj":"Tanjung Batu","fcode":"BA03070040","remark":"-","metadata":"METADATA_IGT_BATASDESA_2024","srs_id":"-","kdbbps":"-","kdpumdes":"16.02.11.2004","kdpumkec":"16.02.11","kdpumkab":"16.02","kdpumprov":"16","luaswh":"-","tipadm":"Desa"}},{"type":"Feature","id":598,"geometry":null,"properties":{"objectid":598,"namobj":"Penyandingan","fcode":"BA03070040","remark":"-","metadata":"METADATA_IGT_BATASDESA_2024","srs_id":"-","kdbbps":"-","kdpumdes":"16.02.11.2003","kdpumkec":"16.02.11","kdpumkab":"16.02","kdpumprov":"16","luaswh":"-","tipadm":"Desa"}},{"type":"Feature","id":569,"geometry":null,"properties":{"objectid":569,"namobj":"Ulak Kapal","fcode":"BA03070040","remark":"-","metadata":"METADATA_IGT_BATASDESA_2024","srs_id":"-","kdbbps":"-","kdpumdes":"16.02.02.2001","kdpumkec":"16.02.02","kdpumkab":"16.02","kdpumprov":"16","luaswh":"-","tipadm":"Desa"}},{"type":"Feature","id":602,"geometry":null,"properties":{"objectid":602,"namobj":"Lebung Gajah","fcode":"BA03070040","remark":"-","metadata":"METADATA_IGT_BATASDESA_2024","srs_id":"-","kdbbps":"-","kdpumdes":"16.02.11.2011","kdpumkec":"16.02.11","kdpumkab":"16.02","kdpumprov":"16","luaswh":"-","tipadm":"Desa"}},{"type":"Feature","id":591,"geometry":null,"properties":{"objectid":591,"namobj":"Kuala Dua Belas","fcode":"BA03070040","remark":"Batas Desa belum sesuai dengan garis pantai BIG","metadata":"METADATA_IGT_BATASDESA_2024","srs_id":"-","kdbbps":"-","kdpumdes":"16.02.11.2021","kdpumkec":"16.02.11","kdpumkab":"16.02","kdpumprov":"16","luaswh":"-","tipadm":"Desa"}},{"type":"Feature","id":570,"geometry":null,"properties":{"objectid":570,"namobj":"Tanjung Baru","fcode":"BA03070040","remark":"-","metadata":"METADATA_IGT_BATASDESA_2024","srs_id":"-","kdbbps":"-","kdpumdes":"16.02.02.2003","kdpumkec":"16.02.02","kdpumkab":"16.02","kdpumprov":"16","luaswh":"-","tipadm":"Desa"}},{"type":"Feature","id":576,"geometry":null,"properties":{"objectid":576,"namobj":"Ulak Ketapang","fcode":"BA03070040","remark":"-","metadata":"METADATA_IGT_BATASDESA_2024","srs_id":"-","kdbbps":"-","kdpumdes":"16.02.23.2009","kdpumkec":"16.02.23","kdpumkab":"16.02","kdpumprov":"16","luaswh":"-","tipadm":"Desa"}},{"type":"Feature","id":579,"geometry":null,"properties":{"objectid":579,"namobj":"Sugih Waras","fcode":"BA03070040","remark":"-","metadata":"METADATA_IGT_BATASDESA_2024","srs_id":"-","kdbbps":"-","kdpumdes":"16.02.23.2003","kdpumkec":"16.02.23","kdpumkab":"16.02","kdpumprov":"16","luaswh":"-","tipadm":"Desa"}},{"type":"Feature","id":603,"geometry":null,"properties":{"objectid":603,"namobj":"Toman","fcode":"BA03070040","remark":"-","metadata":"METADATA_IGT_BATASDESA_2024","srs_id":"-","kdbbps":"-","kdpumdes":"16.02.11.2005","kdpumkec":"16.02.11","kdpumkab":"16.02","kdpumprov":"16","luaswh":"-","tipadm":"Desa"}},{"type":"Feature","id":580,"geometry":null,"properties":{"objectid":580,"namobj":"Panca Tunggal Benawa","fcode":"BA03070040","remark":"-","metadata":"METADATA_IGT_BATASDESA_2024","srs_id":"-","kdbbps":"-","kdpumdes":"16.02.23.2011","kdpumkec":"16.02.23","kdpumkab":"16.02","kdpumprov":"16","luaswh":"-","tipadm":"Desa"}},{"type":"Feature","id":593,"geometry":null,"properties":{"objectid":593,"namobj":"Ujung Tanjung","fcode":"BA03070040","remark":"-","metadata":"METADATA_IGT_BATASDESA_2024","srs_id":"-","kdbbps":"-","kdpumdes":"16.02.11.2010","kdpumkec":"16.02.11","kdpumkab":"16.02","kdpumprov":"16","luaswh":"-","tipadm":"Desa"}},{"type":"Feature","id":594,"geometry":null,"properties":{"objectid":594,"namobj":"Simpang Tiga","fcode":"BA03070040","remark":"-","metadata":"METADATA_IGT_BATASDESA_2024","srs_id":"-","kdbbps":"-","kdpumdes":"16.02.11.2001","kdpumkec":"16.02.11","kdpumkab":"16.02","kdpumprov":"16","luaswh":"-","tipadm":"Desa"}},{"type":"Feature","id":595,"geometry":null,"properties":{"objectid":595,"namobj":"Simpang Tiga Jaya","fcode":"BA03070040","remark":"Batas Desa belum sesuai dengan garis pantai BIG","metadata":"METADATA_IGT_BATASDESA_2024","srs_id":"-","kdbbps":"-","kdpumdes":"16.02.11.2017","kdpumkec":"16.02.11","kdpumkab":"16.02","kdpumprov":"16","luaswh":"-","tipadm":"Desa"}},{"type":"Feature","id":596,"geometry":null,"properties":{"objectid":596,"namobj":"Lebung Itam","fcode":"BA03070040","remark":"-","metadata":"METADATA_IGT_BATASDESA_2024","srs_id":"-","kdbbps":"-","kdpumdes":"16.02.11.2012","kdpumkec":"16.02.11","kdpumkab":"16.02","kdpumprov":"16","luaswh":"-","tipadm":"Desa"}},{"type":"Feature","id":583,"geometry":null,"properties":{"objectid":583,"namobj":"Serapek","fcode":"BA03070040","remark":"-","metadata":"METADATA_IGT_BATASDESA_2024","srs_id":"-","kdbbps":"-","kdpumdes":"16.02.23.2002","kdpumkec":"16.02.23","kdpumkab":"16.02","kdpumprov":"16","luaswh":"-","tipadm":"Desa"}},{"type":"Feature","id":584,"geometry":null,"properties":{"objectid":584,"namobj":"Penyandingan","fcode":"BA03070040","remark":"-","metadata":"METADATA_IGT_BATASDESA_2024","srs_id":"-","kdbbps":"-","kdpumdes":"16.02.23.2007","kdpumkec":"16.02.23","kdpumkab":"16.02","kdpumprov":"16","luaswh":"-","tipadm":"Desa"}},{"type":"Feature","id":585,"geometry":null,"properties":{"objectid":585,"namobj":"Muara Telang","fcode":"BA03070040","remark":"-","metadata":"METADATA_IGT_BATASDESA_2024","srs_id":"-","kdbbps":"-","kdpumdes":"16.02.23.2004","kdpumkec":"16.02.23","kdpumkab":"16.02","kdpumprov":"16","luaswh":"-","tipadm":"Desa"}},{"type":"Feature","id":587,"geometry":null,"properties":{"objectid":587,"namobj":"Benawa","fcode":"BA03070040","remark":"-","metadata":"METADATA_IGT_BATASDESA_2024","srs_id":"-","kdbbps":"-","kdpumdes":"16.02.23.2001","kdpumkec":"16.02.23","kdpumkab":"16.02","kdpumprov":"16","luaswh":"-","tipadm":"Desa"}},{"type":"Feature","id":588,"geometry":null,"properties":{"objectid":588,"namobj":"Simpang Tiga Abadi","fcode":"BA03070040","remark":"Batas Desa belum sesuai dengan garis pantai BIG","metadata":"METADATA_IGT_BATASDESA_2024","srs_id":"-","kdbbps":"-","kdpumdes":"16.02.11.2022","kdpumkec":"16.02.11","kdpumkab":"16.02","kdpumprov":"16","luaswh":"-","tipadm":"Desa"}},{"type":"Feature","id":589,"geometry":null,"properties":{"objectid":589,"namobj":"Rantau Lurus","fcode":"BA03070040","remark":"-","metadata":"METADATA_IGT_BATASDESA_2024","srs_id":"-","kdbbps":"-","kdpumdes":"16.02.11.2020","kdpumkec":"16.02.11","kdpumkab":"16.02","kdpumprov":"16","luaswh":"-","tipadm":"Desa"}},{"type":"Feature","id":590,"geometry":null,"properties":{"objectid":590,"namobj":"Tulung Selapan Timur","fcode":"BA03070040","remark":"-","metadata":"METADATA_IGT_BATASDESA_2024","srs_id":"-","kdbbps":"-","kdpumdes":"16.02.11.2023","kdpumkec":"16.02.11","kdpumkab":"16.02","kdpumprov":"16","luaswh":"-","tipadm":"Desa"}},{"type":"Feature","id":573,"geometry":null,"properties":{"objectid":573,"namobj":"Seritanjung","fcode":"BA03070040","remark":"-","metadata":"METADATA_IGT_BATASDESA_2024","srs_id":"-","kdbbps":"-","kdpumdes":"16.02.02.2004","kdpumkec":"16.02.02","kdpumkab":"16.02","kdpumprov":"16","luaswh":"-","tipadm":"Desa"}},{"type":"Feature","id":575,"geometry":null,"properties":{"objectid":575,"namobj":"Bumi Harapan","fcode":"BA03070040","remark":"-","metadata":"METADATA_IGT_BATASDESA_2024","srs_id":"-","kdbbps":"-","kdpumdes":"16.02.23.2012","kdpumkec":"16.02.23","kdpumkab":"16.02","kdpumprov":"16","luaswh":"-","tipadm":"Desa"}},{"type":"Feature","id":592,"geometry":null,"properties":{"objectid":592,"namobj":"Simpang Tiga Makmur","fcode":"BA03070040","remark":"Batas Desa belum sesuai dengan garis pantai BIG","metadata":"METADATA_IGT_BATASDESA_2024","srs_id":"-","kdbbps":"-","kdpumdes":"16.02.11.2015","kdpumkec":"16.02.11","kdpumkab":"16.02","kdpumprov":"16","luaswh":"-","tipadm":"Desa"}},{"type":"Feature","id":571,"geometry":null,"properties":{"objectid":571,"namobj":"Atar Balam","fcode":"BA03070040","remark":"-","metadata":"METADATA_IGT_BATASDESA_2024","srs_id":"-","kdbbps":"-","kdpumdes":"16.02.02.2032","kdpumkec":"16.02.02","kdpumkab":"16.02","kdpumprov":"16","luaswh":"-","tipadm":"Desa"}},{"type":"Feature","id":565,"geometry":null,"properties":{"objectid":565,"namobj":"Ulak Balam","fcode":"BA03070040","remark":"-","metadata":"METADATA_IGT_BATASDESA_2024","srs_id":"-","kdbbps":"-","kdpumdes":"16.02.02.2017","kdpumkec":"16.02.02","kdpumkab":"16.02","kdpumprov":"16","luaswh":"-","tipadm":"Desa"}},{"type":"Feature","id":572,"geometry":null,"properties":{"objectid":572,"namobj":"Tanjung Beringin","fcode":"BA03070040","remark":"-","metadata":"METADATA_IGT_BATASDESA_2024","srs_id":"-","kdbbps":"-","kdpumdes":"16.02.02.2014","kdpumkec":"16.02.02","kdpumkab":"16.02","kdpumprov":"16","luaswh":"-","tipadm":"Desa"}},{"type":"Feature","id":566,"geometry":null,"properties":{"objectid":566,"namobj":"Tanjung Laut","fcode":"BA03070040","remark":"-","metadata":"METADATA_IGT_BATASDESA_2024","srs_id":"-","kdbbps":"-","kdpumdes":"16.02.02.2016","kdpumkec":"16.02.02","kdpumkab":"16.02","kdpumprov":"16","luaswh":"-","tipadm":"Desa"}},{"type":"Feature","id":567,"geometry":null,"properties":{"objectid":567,"namobj":"Tanjung Laga","fcode":"BA03070040","remark":"-","metadata":"METADATA_IGT_BATASDESA_2024","srs_id":"-","kdbbps":"-","kdpumdes":"16.02.02.2015","kdpumkec":"16.02.02","kdpumkab":"16.02","kdpumprov":"16","luaswh":"-","tipadm":"Desa"}},{"type":"Feature","id":641,"geometry":null,"properties":{"objectid":641,"namobj":"Sumberagung","fcode":"BA03070040","remark":"-","metadata":"METADATA_IGT_BATASDESA_2024","srs_id":"-","kdbbps":"-","kdpumdes":"16.02.13.2010","kdpumkec":"16.02.13","kdpumkab":"16.02","kdpumprov":"16","luaswh":"-","tipadm":"Desa"}},{"type":"Feature","id":642,"geometry":null,"properties":{"objectid":642,"namobj":"Tugumulyo","fcode":"BA03070040","remark":"-","metadata":"METADATA_IGT_BATASDESA_2024","srs_id":"-","kdbbps":"-","kdpumdes":"16.02.13.2011","kdpumkec":"16.02.13","kdpumkab":"16.02","kdpumprov":"16","luaswh":"-","tipadm":"Desa"}},{"type":"Feature","id":613,"geometry":null,"properties":{"objectid":613,"namobj":"Pematang Pauh","fcode":"BA03070040","remark":"-","metadata":"METADATA_IGT_BATASDESA_2024","srs_id":"-","kdbbps":"-","kdpumdes":"15.02.18.2006","kdpumkec":"15.02.18","kdpumkab":"15.02","kdpumprov":"15","luaswh":"-","tipadm":"Desa"}},{"type":"Feature","id":568,"geometry":null,"properties":{"objectid":568,"namobj":"Sukarami","fcode":"BA03070040","remark":"-","metadata":"METADATA_IGT_BATASDESA_2024","srs_id":"-","kdbbps":"-","kdpumdes":"16.02.02.2006","kdpumkec":"16.02.02","kdpumkab":"16.02","kdpumprov":"16","luaswh":"-","tipadm":"Desa"}},{"type":"Feature","id":652,"geometry":null,"properties":{"objectid":652,"namobj":"Sebulu Ulu","fcode":"BA03070040","remark":"-","metadata":"METADATA_IGT_BATASDESA_2024","srs_id":"-","kdbbps":"-","kdpumdes":"64.02.07.2004","kdpumkec":"64.02.07","kdpumkab":"64.02","kdpumprov":"64","luaswh":"-","tipadm":"Desa"}},{"type":"Feature","id":637,"geometry":null,"properties":{"objectid":637,"namobj":"Simpang","fcode":"BA03070040","remark":"-","metadata":"METADATA_IGT_BATASDESA_2024","srs_id":"-","kdbbps":"-","kdpumdes":"13.08.16.2002","kdpumkec":"13.08.16","kdpumkab":"13.08","kdpumprov":"13","luaswh":"-","tipadm":"Desa"}},{"type":"Feature","id":638,"geometry":null,"properties":{"objectid":638,"namobj":"Lansek Kadok","fcode":"BA03070040","remark":"-","metadata":"METADATA_IGT_BATASDESA_2024","srs_id":"-","kdbbps":"-","kdpumdes":"13.08.19.2001","kdpumkec":"13.08.19","kdpumkab":"13.08","kdpumprov":"13","luaswh":"-","tipadm":"Desa"}},{"type":"Feature","id":654,"geometry":null,"properties":{"objectid":654,"namobj":"Manunggal Daya","fcode":"BA03070040","remark":"-","metadata":"METADATA_IGT_BATASDESA_2024","srs_id":"-","kdbbps":"-","kdpumdes":"64.02.07.2008","kdpumkec":"64.02.07","kdpumkab":"64.02","kdpumprov":"64","luaswh":"-","tipadm":"Desa"}},{"type":"Feature","id":676,"geometry":null,"properties":{"objectid":676,"namobj":"Muara Muntai Ilir","fcode":"BA03070040","remark":"-","metadata":"METADATA_IGT_BATASDESA_2024","srs_id":"-","kdbbps":"-","kdpumdes":"64.02.01.2008","kdpumkec":"64.02.01","kdpumkab":"64.02","kdpumprov":"64","luaswh":"-","tipadm":"Desa"}},{"type":"Feature","id":639,"geometry":null,"properties":{"objectid":639,"namobj":"Tanjung Betung","fcode":"BA03070040","remark":"-","metadata":"METADATA_IGT_BATASDESA_2024","srs_id":"-","kdbbps":"-","kdpumdes":"13.08.19.2003","kdpumkec":"13.08.19","kdpumkab":"13.08","kdpumprov":"13","luaswh":"-","tipadm":"Desa"}},{"type":"Feature","id":640,"geometry":null,"properties":{"objectid":640,"namobj":"Sungai Somor","fcode":"BA03070040","remark":"Batas Desa belum sesuai dengan garis pantai BIG","metadata":"METADATA_IGT_BATASDESA_2024","srs_id":"-","kdbbps":"-","kdpumdes":"16.02.18.2001","kdpumkec":"16.02.18","kdpumkab":"16.02","kdpumprov":"16","luaswh":"-","tipadm":"Desa"}},{"type":"Feature","id":643,"geometry":null,"properties":{"objectid":643,"namobj":"Batu Putih","fcode":"BA03070040","remark":"-","metadata":"METADATA_IGT_BATASDESA_2024","srs_id":"-","kdbbps":"-","kdpumdes":"52.07.02.2015","kdpumkec":"52.07.02","kdpumkab":"52.07","kdpumprov":"52","luaswh":"-","tipadm":"Desa"}},{"type":"Feature","id":645,"geometry":null,"properties":{"objectid":645,"namobj":"Batu Jangkih","fcode":"BA03070040","remark":"-","metadata":"METADATA_IGT_BATASDESA_2024","srs_id":"-","kdbbps":"-","kdpumdes":"52.02.11.2010","kdpumkec":"52.02.11","kdpumkab":"52.02","kdpumprov":"52","luaswh":"-","tipadm":"Desa"}},{"type":"Feature","id":650,"geometry":null,"properties":{"objectid":650,"namobj":"Bendang Raya","fcode":"BA03070040","remark":"-","metadata":"METADATA_IGT_BATASDESA_2024","srs_id":"-","kdbbps":"-","kdpumdes":"64.02.06.2014","kdpumkec":"64.02.06","kdpumkab":"64.02","kdpumprov":"64","luaswh":"-","tipadm":"Desa"}},{"type":"Feature","id":647,"geometry":null,"properties":{"objectid":647,"namobj":"Perdana","fcode":"BA03070040","remark":"-","metadata":"METADATA_IGT_BATASDESA_2024","srs_id":"-","kdbbps":"-","kdpumdes":"64.02.10.2010","kdpumkec":"64.02.10","kdpumkab":"64.02","kdpumprov":"64","luaswh":"-","tipadm":"Desa"}},{"type":"Feature","id":648,"geometry":null,"properties":{"objectid":648,"namobj":"Bukit Jering","fcode":"BA03070040","remark":"-","metadata":"METADATA_IGT_BATASDESA_2024","srs_id":"-","kdbbps":"-","kdpumdes":"64.02.11.2017","kdpumkec":"64.02.11","kdpumkab":"64.02","kdpumprov":"64","luaswh":"-","tipadm":"Desa"}},{"type":"Feature","id":649,"geometry":null,"properties":{"objectid":649,"namobj":"Bukit Layang","fcode":"BA03070040","remark":"-","metadata":"METADATA_IGT_BATASDESA_2024","srs_id":"-","kdbbps":"-","kdpumdes":"64.02.10.2011","kdpumkec":"64.02.10","kdpumkab":"64.02","kdpumprov":"64","luaswh":"-","tipadm":"Desa"}},{"type":"Feature","id":656,"geometry":null,"properties":{"objectid":656,"namobj":"Karya Jaya","fcode":"BA03070040","remark":"-","metadata":"METADATA_IGT_BATASDESA_2024","srs_id":"-","kdbbps":"-","kdpumdes":"64.02.13.2014","kdpumkec":"64.02.13","kdpumkab":"64.02","kdpumprov":"64","luaswh":"-","tipadm":"Desa"}},{"type":"Feature","id":657,"geometry":null,"properties":{"objectid":657,"namobj":"Bukit Raya","fcode":"BA03070040","remark":"-","metadata":"METADATA_IGT_BATASDESA_2024","srs_id":"-","kdbbps":"-","kdpumdes":"64.02.13.2016","kdpumkec":"64.02.13","kdpumkab":"64.02","kdpumprov":"64","luaswh":"-","tipadm":"Desa"}},{"type":"Feature","id":658,"geometry":null,"properties":{"objectid":658,"namobj":"Beringin Agung","fcode":"BA03070040","remark":"-","metadata":"METADATA_IGT_BATASDESA_2024","srs_id":"-","kdbbps":"-","kdpumdes":"64.02.13.2019","kdpumkec":"64.02.13","kdpumkab":"64.02","kdpumprov":"64","luaswh":"-","tipadm":"Desa"}},{"type":"Feature","id":660,"geometry":null,"properties":{"objectid":660,"namobj":"Cipari Makmur","fcode":"BA03070040","remark":"-","metadata":"METADATA_IGT_BATASDESA_2024","srs_id":"-","kdbbps":"-","kdpumdes":"64.02.11.2020","kdpumkec":"64.02.11","kdpumkab":"64.02","kdpumprov":"64","luaswh":"-","tipadm":"Desa"}},{"type":"Feature","id":663,"geometry":null,"properties":{"objectid":663,"namobj":"Sepakat","fcode":"BA03070040","remark":"-","metadata":"METADATA_IGT_BATASDESA_2024","srs_id":"-","kdbbps":"-","kdpumdes":"64.02.02.2013","kdpumkec":"64.02.02","kdpumkab":"64.02","kdpumprov":"64","luaswh":"-","tipadm":"Desa"}},{"type":"Feature","id":604,"geometry":null,"properties":{"objectid":604,"namobj":"Kayuara","fcode":"BA03070040","remark":"-","metadata":"METADATA_IGT_BATASDESA_2024","srs_id":"-","kdbbps":"-","kdpumdes":"16.02.11.2007","kdpumkec":"16.02.11","kdpumkab":"16.02","kdpumprov":"16","luaswh":"-","tipadm":"Desa"}},{"type":"Feature","id":607,"geometry":null,"properties":{"objectid":607,"namobj":"Petaling","fcode":"BA03070040","remark":"-","metadata":"METADATA_IGT_BATASDESA_2024","srs_id":"-","kdbbps":"-","kdpumdes":"16.02.11.2008","kdpumkec":"16.02.11","kdpumkab":"16.02","kdpumprov":"16","luaswh":"-","tipadm":"Desa"}},{"type":"Feature","id":608,"geometry":null,"properties":{"objectid":608,"namobj":"Jerambah Rengas","fcode":"BA03070040","remark":"-","metadata":"METADATA_IGT_BATASDESA_2024","srs_id":"-","kdbbps":"-","kdpumdes":"16.02.11.2014","kdpumkec":"16.02.11","kdpumkab":"16.02","kdpumprov":"16","luaswh":"-","tipadm":"Desa"}},{"type":"Feature","id":677,"geometry":null,"properties":{"objectid":677,"namobj":"Jantur","fcode":"BA03070040","remark":"-","metadata":"METADATA_IGT_BATASDESA_2024","srs_id":"-","kdbbps":"-","kdpumdes":"64.02.01.2004","kdpumkec":"64.02.01","kdpumkab":"64.02","kdpumprov":"64","luaswh":"-","tipadm":"Desa"}},{"type":"Feature","id":687,"geometry":null,"properties":{"objectid":687,"namobj":"Teluk Muda","fcode":"BA03070040","remark":"-","metadata":"METADATA_IGT_BATASDESA_2024","srs_id":"-","kdbbps":"-","kdpumdes":"64.02.09.2007","kdpumkec":"64.02.09","kdpumkab":"64.02","kdpumprov":"64","luaswh":"-","tipadm":"Desa"}},{"type":"Feature","id":610,"geometry":null,"properties":{"objectid":610,"namobj":"Talang Tembago","fcode":"BA03070040","remark":"-","metadata":"METADATA_IGT_BATASDESA_2024","srs_id":"-","kdbbps":"-","kdpumdes":"15.02.18.2004","kdpumkec":"15.02.18","kdpumkab":"15.02","kdpumprov":"15","luaswh":"-","tipadm":"Desa"}},{"type":"Feature","id":678,"geometry":null,"properties":{"objectid":678,"namobj":"Muara Muntai Ulu","fcode":"BA03070040","remark":"-","metadata":"METADATA_IGT_BATASDESA_2024","srs_id":"-","kdbbps":"-","kdpumdes":"64.02.01.2007","kdpumkec":"64.02.01","kdpumkab":"64.02","kdpumprov":"64","luaswh":"-","tipadm":"Desa"}},{"type":"Feature","id":611,"geometry":null,"properties":{"objectid":611,"namobj":"Simpang Talang Tembago","fcode":"BA03070040","remark":"-","metadata":"METADATA_IGT_BATASDESA_2024","srs_id":"-","kdbbps":"-","kdpumdes":"15.02.18.2015","kdpumkec":"15.02.18","kdpumkab":"15.02","kdpumprov":"15","luaswh":"-","tipadm":"Desa"}},{"type":"Feature","id":688,"geometry":null,"properties":{"objectid":688,"namobj":"Tuana Tuha","fcode":"BA03070040","remark":"-","metadata":"METADATA_IGT_BATASDESA_2024","srs_id":"-","kdbbps":"-","kdpumdes":"64.02.09.2008","kdpumkec":"64.02.09","kdpumkab":"64.02","kdpumprov":"64","luaswh":"-","tipadm":"Desa"}},{"type":"Feature","id":614,"geometry":null,"properties":{"objectid":614,"namobj":"Kabu","fcode":"BA03070040","remark":"-","metadata":"METADATA_IGT_BATASDESA_2024","srs_id":"-","kdbbps":"-","kdpumdes":"15.02.18.2014","kdpumkec":"15.02.18","kdpumkab":"15.02","kdpumprov":"15","luaswh":"-","tipadm":"Desa"}},{"type":"Feature","id":689,"geometry":null,"properties":{"objectid":689,"namobj":"Tubuhan","fcode":"BA03070040","remark":"-","metadata":"METADATA_IGT_BATASDESA_2024","srs_id":"-","kdbbps":"-","kdpumdes":"64.02.09.2005","kdpumkec":"64.02.09","kdpumkab":"64.02","kdpumprov":"64","luaswh":"-","tipadm":"Desa"}},{"type":"Feature","id":690,"geometry":null,"properties":{"objectid":690,"namobj":"Pela","fcode":"BA03070040","remark":"-","metadata":"METADATA_IGT_BATASDESA_2024","srs_id":"-","kdbbps":"-","kdpumdes":"64.02.08.2009","kdpumkec":"64.02.08","kdpumkab":"64.02","kdpumprov":"64","luaswh":"-","tipadm":"Desa"}},{"type":"Feature","id":691,"geometry":null,"properties":{"objectid":691,"namobj":"Muhuran","fcode":"BA03070040","remark":"-","metadata":"METADATA_IGT_BATASDESA_2024","srs_id":"-","kdbbps":"-","kdpumdes":"64.02.08.2008","kdpumkec":"64.02.08","kdpumkab":"64.02","kdpumprov":"64","luaswh":"-","tipadm":"Desa"}},{"type":"Feature","id":615,"geometry":null,"properties":{"objectid":615,"namobj":"Beringin Tinggi","fcode":"BA03070040","remark":"-","metadata":"METADATA_IGT_BATASDESA_2024","srs_id":"-","kdbbps":"-","kdpumdes":"15.02.18.2005","kdpumkec":"15.02.18","kdpumkab":"15.02","kdpumprov":"15","luaswh":"-","tipadm":"Desa"}},{"type":"Feature","id":617,"geometry":null,"properties":{"objectid":617,"namobj":"Tanjung Mudo","fcode":"BA03070040","remark":"-","metadata":"METADATA_IGT_BATASDESA_2024","srs_id":"-","kdbbps":"-","kdpumdes":"15.02.18.2001","kdpumkec":"15.02.18","kdpumkab":"15.02","kdpumprov":"15","luaswh":"-","tipadm":"Desa"}},{"type":"Feature","id":620,"geometry":null,"properties":{"objectid":620,"namobj":"Tanjung Benuang","fcode":"BA03070040","remark":"-","metadata":"METADATA_IGT_BATASDESA_2024","srs_id":"-","kdbbps":"-","kdpumdes":"15.02.18.2011","kdpumkec":"15.02.18","kdpumkab":"15.02","kdpumprov":"15","luaswh":"-","tipadm":"Desa"}},{"type":"Feature","id":692,"geometry":null,"properties":{"objectid":692,"namobj":"Liang Ulu","fcode":"BA03070040","remark":"-","metadata":"METADATA_IGT_BATASDESA_2024","srs_id":"-","kdbbps":"-","kdpumdes":"64.02.08.2019","kdpumkec":"64.02.08","kdpumkab":"64.02","kdpumprov":"64","luaswh":"-","tipadm":"Desa"}},{"type":"Feature","id":693,"geometry":null,"properties":{"objectid":693,"namobj":"Kota Bangun Ulu","fcode":"BA03070040","remark":"-","metadata":"METADATA_IGT_BATASDESA_2024","srs_id":"-","kdbbps":"-","kdpumdes":"64.02.08.2005","kdpumkec":"64.02.08","kdpumkab":"64.02","kdpumprov":"64","luaswh":"-","tipadm":"Desa"}},{"type":"Feature","id":694,"geometry":null,"properties":{"objectid":694,"namobj":"Kota Bangun Ilir","fcode":"BA03070040","remark":"-","metadata":"METADATA_IGT_BATASDESA_2024","srs_id":"-","kdbbps":"-","kdpumdes":"64.02.08.2006","kdpumkec":"64.02.08","kdpumkab":"64.02","kdpumprov":"64","luaswh":"-","tipadm":"Desa"}},{"type":"Feature","id":695,"geometry":null,"properties":{"objectid":695,"namobj":"Batu-Batu","fcode":"BA03070040","remark":"-","metadata":"METADATA_IGT_BATASDESA_2024","srs_id":"-","kdbbps":"-","kdpumdes":"64.02.05.2011","kdpumkec":"64.02.05","kdpumkab":"64.02","kdpumprov":"64","luaswh":"-","tipadm":"Desa"}},{"type":"Feature","id":626,"geometry":null,"properties":{"objectid":626,"namobj":"Aia Manggih","fcode":"BA03070040","remark":"-","metadata":"METADATA_IGT_BATASDESA_2024","srs_id":"-","kdbbps":"-","kdpumdes":"13.08.05.2005","kdpumkec":"13.08.05","kdpumkab":"13.08","kdpumprov":"13","luaswh":"-","tipadm":"Desa"}},{"type":"Feature","id":627,"geometry":null,"properties":{"objectid":627,"namobj":"Sundata","fcode":"BA03070040","remark":"-","metadata":"METADATA_IGT_BATASDESA_2024","srs_id":"-","kdbbps":"-","kdpumdes":"13.08.05.2006","kdpumkec":"13.08.05","kdpumkab":"13.08","kdpumprov":"13","luaswh":"-","tipadm":"Desa"}},{"type":"Feature","id":628,"geometry":null,"properties":{"objectid":628,"namobj":"Panti","fcode":"BA03070040","remark":"-","metadata":"METADATA_IGT_BATASDESA_2024","srs_id":"-","kdbbps":"-","kdpumdes":"13.08.07.2001","kdpumkec":"13.08.07","kdpumkab":"13.08","kdpumprov":"13","luaswh":"-","tipadm":"Desa"}},{"type":"Feature","id":630,"geometry":null,"properties":{"objectid":630,"namobj":"Simpang Tonang","fcode":"BA03070040","remark":"-","metadata":"METADATA_IGT_BATASDESA_2024","srs_id":"-","kdbbps":"-","kdpumdes":"13.08.12.2001","kdpumkec":"13.08.12","kdpumkab":"13.08","kdpumprov":"13","luaswh":"-","tipadm":"Desa"}},{"type":"Feature","id":631,"geometry":null,"properties":{"objectid":631,"namobj":"Cubadak","fcode":"BA03070040","remark":"-","metadata":"METADATA_IGT_BATASDESA_2024","srs_id":"-","kdbbps":"-","kdpumdes":"13.08.12.2002","kdpumkec":"13.08.12","kdpumkab":"13.08","kdpumprov":"13","luaswh":"-","tipadm":"Desa"}},{"type":"Feature","id":632,"geometry":null,"properties":{"objectid":632,"namobj":"Malampah","fcode":"BA03070040","remark":"-","metadata":"METADATA_IGT_BATASDESA_2024","srs_id":"-","kdbbps":"-","kdpumdes":"13.08.13.2001","kdpumkec":"13.08.13","kdpumkab":"13.08","kdpumprov":"13","luaswh":"-","tipadm":"Desa"}},{"type":"Feature","id":633,"geometry":null,"properties":{"objectid":633,"namobj":"Ladang Panjang","fcode":"BA03070040","remark":"-","metadata":"METADATA_IGT_BATASDESA_2024","srs_id":"-","kdbbps":"-","kdpumdes":"13.08.13.2002","kdpumkec":"13.08.13","kdpumkab":"13.08","kdpumprov":"13","luaswh":"-","tipadm":"Desa"}},{"type":"Feature","id":635,"geometry":null,"properties":{"objectid":635,"namobj":"Padang Mantinggi","fcode":"BA03070040","remark":"-","metadata":"METADATA_IGT_BATASDESA_2024","srs_id":"-","kdbbps":"-","kdpumdes":"13.08.14.2005","kdpumkec":"13.08.14","kdpumkab":"13.08","kdpumprov":"13","luaswh":"-","tipadm":"Desa"}},{"type":"Feature","id":636,"geometry":null,"properties":{"objectid":636,"namobj":"Alahan Mati","fcode":"BA03070040","remark":"-","metadata":"METADATA_IGT_BATASDESA_2024","srs_id":"-","kdbbps":"-","kdpumdes":"13.08.16.2001","kdpumkec":"13.08.16","kdpumkab":"13.08","kdpumprov":"13","luaswh":"-","tipadm":"Desa"}},{"type":"Feature","id":670,"geometry":null,"properties":{"objectid":670,"namobj":"Muara Badak Ilir","fcode":"BA03070040","remark":"Batas Desa belum sesuai dengan garis pantai BIG","metadata":"METADATA_IGT_BATASDESA_2024","srs_id":"-","kdbbps":"-","kdpumdes":"64.02.05.2004","kdpumkec":"64.02.05","kdpumkab":"64.02","kdpumprov":"64","luaswh":"-","tipadm":"Desa"}},{"type":"Feature","id":674,"geometry":null,"properties":{"objectid":674,"namobj":"Kupang Baru","fcode":"BA03070040","remark":"-","metadata":"METADATA_IGT_BATASDESA_2024","srs_id":"-","kdbbps":"-","kdpumdes":"64.02.11.2015","kdpumkec":"64.02.11","kdpumkab":"64.02","kdpumprov":"64","luaswh":"-","tipadm":"Desa"}},{"type":"Feature","id":675,"geometry":null,"properties":{"objectid":675,"namobj":"Muara Siran","fcode":"BA03070040","remark":"-","metadata":"METADATA_IGT_BATASDESA_2024","srs_id":"-","kdbbps":"-","kdpumdes":"64.02.11.2007","kdpumkec":"64.02.11","kdpumkab":"64.02","kdpumprov":"64","luaswh":"-","tipadm":"Desa"}},{"type":"Feature","id":696,"geometry":null,"properties":{"objectid":696,"namobj":"Badak Baru","fcode":"BA03070040","remark":"-","metadata":"METADATA_IGT_BATASDESA_2024","srs_id":"-","kdbbps":"-","kdpumdes":"64.02.05.2007","kdpumkec":"64.02.05","kdpumkab":"64.02","kdpumprov":"64","luaswh":"-","tipadm":"Desa"}},{"type":"Feature","id":708,"geometry":null,"properties":{"objectid":708,"namobj":"Pulau Harapan","fcode":"BA03070040","remark":"-","metadata":"METADATA_IGT_BATASDESA_2024","srs_id":"-","kdbbps":"-","kdpumdes":"64.02.01.2012","kdpumkec":"64.02.01","kdpumkab":"64.02","kdpumprov":"64","luaswh":"-","tipadm":"Desa"}},{"type":"Feature","id":712,"geometry":null,"properties":{"objectid":712,"namobj":"Muara Leka","fcode":"BA03070040","remark":"-","metadata":"METADATA_IGT_BATASDESA_2024","srs_id":"-","kdbbps":"-","kdpumdes":"64.02.01.2002","kdpumkec":"64.02.01","kdpumkab":"64.02","kdpumprov":"64","luaswh":"-","tipadm":"Desa"}},{"type":"Feature","id":713,"geometry":null,"properties":{"objectid":713,"namobj":"Muara Aloh","fcode":"BA03070040","remark":"-","metadata":"METADATA_IGT_BATASDESA_2024","srs_id":"-","kdbbps":"-","kdpumdes":"64.02.01.2003","kdpumkec":"64.02.01","kdpumkab":"64.02","kdpumprov":"64","luaswh":"-","tipadm":"Desa"}},{"type":"Feature","id":669,"geometry":null,"properties":{"objectid":669,"namobj":"Loa Sakoh","fcode":"BA03070040","remark":"-","metadata":"METADATA_IGT_BATASDESA_2024","srs_id":"-","kdbbps":"-","kdpumdes":"64.02.10.2002","kdpumkec":"64.02.10","kdpumkab":"64.02","kdpumprov":"64","luaswh":"-","tipadm":"Desa"}},{"type":"Feature","id":742,"geometry":null,"properties":{"objectid":742,"namobj":"Bakungan","fcode":"BA03070040","remark":"-","metadata":"METADATA_IGT_BATASDESA_2024","srs_id":"-","kdbbps":"-","kdpumdes":"64.02.03.2001","kdpumkec":"64.02.03","kdpumkab":"64.02","kdpumprov":"64","luaswh":"-","tipadm":"Desa"}},{"type":"Feature","id":707,"geometry":null,"properties":{"objectid":707,"namobj":"Kembang Janggut","fcode":"BA03070040","remark":"-","metadata":"METADATA_IGT_BATASDESA_2024","srs_id":"-","kdbbps":"-","kdpumdes":"64.02.10.2004","kdpumkec":"64.02.10","kdpumkab":"64.02","kdpumprov":"64","luaswh":"-","tipadm":"Desa"}},{"type":"Feature","id":743,"geometry":null,"properties":{"objectid":743,"namobj":"Loa Duri Ulu","fcode":"BA03070040","remark":"-","metadata":"METADATA_IGT_BATASDESA_2024","srs_id":"-","kdbbps":"-","kdpumdes":"64.02.03.2002","kdpumkec":"64.02.03","kdpumkab":"64.02","kdpumprov":"64","luaswh":"-","tipadm":"Desa"}},{"type":"Feature","id":714,"geometry":null,"properties":{"objectid":714,"namobj":"Liang","fcode":"BA03070040","remark":"-","metadata":"METADATA_IGT_BATASDESA_2024","srs_id":"-","kdbbps":"-","kdpumdes":"64.02.08.2007","kdpumkec":"64.02.08","kdpumkab":"64.02","kdpumprov":"64","luaswh":"-","tipadm":"Desa"}},{"type":"Feature","id":698,"geometry":null,"properties":{"objectid":698,"namobj":"Ponoragan","fcode":"BA03070040","remark":"-","metadata":"METADATA_IGT_BATASDESA_2024","srs_id":"-","kdbbps":"-","kdpumdes":"64.02.02.2006","kdpumkec":"64.02.02","kdpumkab":"64.02","kdpumprov":"64","luaswh":"-","tipadm":"Desa"}},{"type":"Feature","id":699,"geometry":null,"properties":{"objectid":699,"namobj":"Kota Bangun Seberang","fcode":"BA03070040","remark":"-","metadata":"METADATA_IGT_BATASDESA_2024","srs_id":"-","kdbbps":"-","kdpumdes":"64.02.08.2018","kdpumkec":"64.02.08","kdpumkab":"64.02","kdpumprov":"64","luaswh":"-","tipadm":"Desa"}},{"type":"Feature","id":700,"geometry":null,"properties":{"objectid":700,"namobj":"Teluk Dalam","fcode":"BA03070040","remark":"-","metadata":"METADATA_IGT_BATASDESA_2024","srs_id":"-","kdbbps":"-","kdpumdes":"64.02.16.2013","kdpumkec":"64.02.16","kdpumkab":"64.02","kdpumprov":"64","luaswh":"-","tipadm":"Desa"}},{"type":"Feature","id":754,"geometry":null,"properties":{"objectid":754,"namobj":"Tanjung Limau","fcode":"BA03070040","remark":"Batas Desa belum sesuai dengan garis pantai BIG","metadata":"METADATA_IGT_BATASDESA_2024","srs_id":"-","kdbbps":"-","kdpumdes":"64.02.05.2005","kdpumkec":"64.02.05","kdpumkab":"64.02","kdpumprov":"64","luaswh":"-","tipadm":"Desa"}},{"type":"Feature","id":755,"geometry":null,"properties":{"objectid":755,"namobj":"Salok Palai","fcode":"BA03070040","remark":"Batas Desa belum sesuai dengan garis pantai BIG","metadata":"METADATA_IGT_BATASDESA_2024","srs_id":"-","kdbbps":"-","kdpumdes":"64.02.05.2002","kdpumkec":"64.02.05","kdpumkab":"64.02","kdpumprov":"64","luaswh":"-","tipadm":"Desa"}},{"type":"Feature","id":756,"geometry":null,"properties":{"objectid":756,"namobj":"Muara Badak Ulu","fcode":"BA03070040","remark":"Batas Desa belum sesuai dengan garis pantai BIG","metadata":"METADATA_IGT_BATASDESA_2024","srs_id":"-","kdbbps":"-","kdpumdes":"64.02.05.2003","kdpumkec":"64.02.05","kdpumkab":"64.02","kdpumprov":"64","luaswh":"-","tipadm":"Desa"}},{"type":"Feature","id":720,"geometry":null,"properties":{"objectid":720,"namobj":"Lamin Pulut","fcode":"BA03070040","remark":"-","metadata":"METADATA_IGT_BATASDESA_2024","srs_id":"-","kdbbps":"-","kdpumdes":"64.02.09.2002","kdpumkec":"64.02.09","kdpumkab":"64.02","kdpumprov":"64","luaswh":"-","tipadm":"Desa"}},{"type":"Feature","id":697,"geometry":null,"properties":{"objectid":697,"namobj":"Suka Maju","fcode":"BA03070040","remark":"-","metadata":"METADATA_IGT_BATASDESA_2024","srs_id":"-","kdbbps":"-","kdpumdes":"64.02.16.2015","kdpumkec":"64.02.16","kdpumkab":"64.02","kdpumprov":"64","luaswh":"-","tipadm":"Desa"}},{"type":"Feature","id":701,"geometry":null,"properties":{"objectid":701,"namobj":"Loa Lepu","fcode":"BA03070040","remark":"-","metadata":"METADATA_IGT_BATASDESA_2024","srs_id":"-","kdbbps":"-","kdpumdes":"64.02.16.2014","kdpumkec":"64.02.16","kdpumkab":"64.02","kdpumprov":"64","luaswh":"-","tipadm":"Desa"}},{"type":"Feature","id":702,"geometry":null,"properties":{"objectid":702,"namobj":"Lebak Cilong","fcode":"BA03070040","remark":"-","metadata":"METADATA_IGT_BATASDESA_2024","srs_id":"-","kdbbps":"-","kdpumdes":"64.02.18.2006","kdpumkec":"64.02.18","kdpumkab":"64.02","kdpumprov":"64","luaswh":"-","tipadm":"Desa"}},{"type":"Feature","id":703,"geometry":null,"properties":{"objectid":703,"namobj":"Lebak Mantan","fcode":"BA03070040","remark":"-","metadata":"METADATA_IGT_BATASDESA_2024","srs_id":"-","kdbbps":"-","kdpumdes":"64.02.18.2005","kdpumkec":"64.02.18","kdpumkab":"64.02","kdpumprov":"64","luaswh":"-","tipadm":"Desa"}},{"type":"Feature","id":704,"geometry":null,"properties":{"objectid":704,"namobj":"Muara Wis","fcode":"BA03070040","remark":"-","metadata":"METADATA_IGT_BATASDESA_2024","srs_id":"-","kdbbps":"-","kdpumdes":"64.02.18.2001","kdpumkec":"64.02.18","kdpumkab":"64.02","kdpumprov":"64","luaswh":"-","tipadm":"Desa"}},{"type":"Feature","id":681,"geometry":null,"properties":{"objectid":681,"namobj":"Muai","fcode":"BA03070040","remark":"-","metadata":"METADATA_IGT_BATASDESA_2024","srs_id":"-","kdbbps":"-","kdpumdes":"64.02.10.2009","kdpumkec":"64.02.10","kdpumkab":"64.02","kdpumprov":"64","luaswh":"-","tipadm":"Desa"}},{"type":"Feature","id":683,"geometry":null,"properties":{"objectid":683,"namobj":"Panca Jaya","fcode":"BA03070040","remark":"-","metadata":"METADATA_IGT_BATASDESA_2024","srs_id":"-","kdbbps":"-","kdpumdes":"64.02.11.2013","kdpumkec":"64.02.11","kdpumkab":"64.02","kdpumprov":"64","luaswh":"-","tipadm":"Desa"}},{"type":"Feature","id":684,"geometry":null,"properties":{"objectid":684,"namobj":"Sidomukti","fcode":"BA03070040","remark":"-","metadata":"METADATA_IGT_BATASDESA_2024","srs_id":"-","kdbbps":"-","kdpumdes":"64.02.11.2012","kdpumkec":"64.02.11","kdpumkab":"64.02","kdpumprov":"64","luaswh":"-","tipadm":"Desa"}},{"type":"Feature","id":685,"geometry":null,"properties":{"objectid":685,"namobj":"Sebelimbingan","fcode":"BA03070040","remark":"-","metadata":"METADATA_IGT_BATASDESA_2024","srs_id":"-","kdbbps":"-","kdpumdes":"64.02.08.2020","kdpumkec":"64.02.08","kdpumkab":"64.02","kdpumprov":"64","luaswh":"-","tipadm":"Desa"}},{"type":"Feature","id":666,"geometry":null,"properties":{"objectid":666,"namobj":"Tani Baru","fcode":"BA03070040","remark":"Batas Desa belum sesuai dengan garis pantai BIG","metadata":"METADATA_IGT_BATASDESA_2024","srs_id":"-","kdbbps":"-","kdpumdes":"64.02.04.2003","kdpumkec":"64.02.04","kdpumkab":"64.02","kdpumprov":"64","luaswh":"-","tipadm":"Desa"}},{"type":"Feature","id":668,"geometry":null,"properties":{"objectid":668,"namobj":"Muara Pantuan","fcode":"BA03070040","remark":"Batas Desa belum sesuai dengan garis pantai BIG","metadata":"METADATA_IGT_BATASDESA_2024","srs_id":"-","kdbbps":"-","kdpumdes":"64.02.04.2002","kdpumkec":"64.02.04","kdpumkab":"64.02","kdpumprov":"64","luaswh":"-","tipadm":"Desa"}},{"type":"Feature","id":745,"geometry":null,"properties":{"objectid":745,"namobj":"Jembayan Dalam","fcode":"BA03070040","remark":"-","metadata":"METADATA_IGT_BATASDESA_2024","srs_id":"-","kdbbps":"-","kdpumdes":"64.02.02.2012","kdpumkec":"64.02.02","kdpumkab":"64.02","kdpumprov":"64","luaswh":"-","tipadm":"Desa"}},{"type":"Feature","id":746,"geometry":null,"properties":{"objectid":746,"namobj":"Sedulang","fcode":"BA03070040","remark":"-","metadata":"METADATA_IGT_BATASDESA_2024","srs_id":"-","kdbbps":"-","kdpumdes":"64.02.19.2002","kdpumkec":"64.02.19","kdpumkab":"64.02","kdpumprov":"64","luaswh":"-","tipadm":"Desa"}},{"type":"Feature","id":747,"geometry":null,"properties":{"objectid":747,"namobj":"Lung Anai","fcode":"BA03070040","remark":"-","metadata":"METADATA_IGT_BATASDESA_2024","srs_id":"-","kdbbps":"-","kdpumdes":"64.02.02.2010","kdpumkec":"64.02.02","kdpumkab":"64.02","kdpumprov":"64","luaswh":"-","tipadm":"Desa"}},{"type":"Feature","id":748,"geometry":null,"properties":{"objectid":748,"namobj":"Suka Bumi","fcode":"BA03070040","remark":"-","metadata":"METADATA_IGT_BATASDESA_2024","srs_id":"-","kdbbps":"-","kdpumdes":"64.02.19.2009","kdpumkec":"64.02.19","kdpumkab":"64.02","kdpumprov":"64","luaswh":"-","tipadm":"Desa"}},{"type":"Feature","id":749,"geometry":null,"properties":{"objectid":749,"namobj":"Loleng","fcode":"BA03070040","remark":"-","metadata":"METADATA_IGT_BATASDESA_2024","srs_id":"-","kdbbps":"-","kdpumdes":"64.02.08.2004","kdpumkec":"64.02.08","kdpumkab":"64.02","kdpumprov":"64","luaswh":"-","tipadm":"Desa"}},{"type":"Feature","id":810,"geometry":null,"properties":{"objectid":810,"namobj":"Lekaq Kidau","fcode":"BA03070040","remark":"-","metadata":"METADATA_IGT_BATASDESA_2024","srs_id":"-","kdbbps":"-","kdpumdes":"64.02.07.2013","kdpumkec":"64.02.07","kdpumkab":"64.02","kdpumprov":"64","luaswh":"-","tipadm":"Desa"}},{"type":"Feature","id":752,"geometry":null,"properties":{"objectid":752,"namobj":"Salo Cella","fcode":"BA03070040","remark":"-","metadata":"METADATA_IGT_BATASDESA_2024","srs_id":"-","kdbbps":"-","kdpumdes":"64.02.05.2012","kdpumkec":"64.02.05","kdpumkab":"64.02","kdpumprov":"64","luaswh":"-","tipadm":"Desa"}},{"type":"Feature","id":753,"geometry":null,"properties":{"objectid":753,"namobj":"Suka Damai","fcode":"BA03070040","remark":"-","metadata":"METADATA_IGT_BATASDESA_2024","srs_id":"-","kdbbps":"-","kdpumdes":"64.02.05.2008","kdpumkec":"64.02.05","kdpumkab":"64.02","kdpumprov":"64","luaswh":"-","tipadm":"Desa"}},{"type":"Feature","id":757,"geometry":null,"properties":{"objectid":757,"namobj":"Bunga Jadi","fcode":"BA03070040","remark":"-","metadata":"METADATA_IGT_BATASDESA_2024","srs_id":"-","kdbbps":"-","kdpumdes":"64.02.11.2014","kdpumkec":"64.02.11","kdpumkab":"64.02","kdpumprov":"64","luaswh":"-","tipadm":"Desa"}},{"type":"Feature","id":758,"geometry":null,"properties":{"objectid":758,"namobj":"Kota Bangun I","fcode":"BA03070040","remark":"-","metadata":"METADATA_IGT_BATASDESA_2024","srs_id":"-","kdbbps":"-","kdpumdes":"64.02.19.2004","kdpumkec":"64.02.19","kdpumkab":"64.02","kdpumprov":"64","luaswh":"-","tipadm":"Desa"}},{"type":"Feature","id":759,"geometry":null,"properties":{"objectid":759,"namobj":"Kedang Ipil","fcode":"BA03070040","remark":"-","metadata":"METADATA_IGT_BATASDESA_2024","srs_id":"-","kdbbps":"-","kdpumdes":"64.02.19.2001","kdpumkec":"64.02.19","kdpumkab":"64.02","kdpumprov":"64","luaswh":"-","tipadm":"Desa"}},{"type":"Feature","id":760,"geometry":null,"properties":{"objectid":760,"namobj":"Sedulang","fcode":"BA03070040","remark":"-","metadata":"METADATA_IGT_BATASDESA_2024","srs_id":"-","kdbbps":"-","kdpumdes":"64.02.11.2009","kdpumkec":"64.02.11","kdpumkab":"64.02","kdpumprov":"64","luaswh":"-","tipadm":"Desa"}},{"type":"Feature","id":763,"geometry":null,"properties":{"objectid":763,"namobj":"Sari Nadi","fcode":"BA03070040","remark":"-","metadata":"METADATA_IGT_BATASDESA_2024","srs_id":"-","kdbbps":"-","kdpumdes":"64.02.19.2008","kdpumkec":"64.02.19","kdpumkab":"64.02","kdpumprov":"64","luaswh":"-","tipadm":"Desa"}},{"type":"Feature","id":764,"geometry":null,"properties":{"objectid":764,"namobj":"Saliki","fcode":"BA03070040","remark":"Batas Desa belum sesuai dengan garis pantai BIG","metadata":"METADATA_IGT_BATASDESA_2024","srs_id":"-","kdbbps":"-","kdpumdes":"64.02.05.2001","kdpumkec":"64.02.05","kdpumkab":"64.02","kdpumprov":"64","luaswh":"-","tipadm":"Desa"}},{"type":"Feature","id":761,"geometry":null,"properties":{"objectid":761,"namobj":"Puan Cepak","fcode":"BA03070040","remark":"-","metadata":"METADATA_IGT_BATASDESA_2024","srs_id":"-","kdbbps":"-","kdpumdes":"64.02.11.2019","kdpumkec":"64.02.11","kdpumkab":"64.02","kdpumprov":"64","luaswh":"-","tipadm":"Desa"}},{"type":"Feature","id":762,"geometry":null,"properties":{"objectid":762,"namobj":"Benua Puhun","fcode":"BA03070040","remark":"-","metadata":"METADATA_IGT_BATASDESA_2024","srs_id":"-","kdbbps":"-","kdpumdes":"64.02.11.2004","kdpumkec":"64.02.11","kdpumkab":"64.02","kdpumprov":"64","luaswh":"-","tipadm":"Desa"}},{"type":"Feature","id":716,"geometry":null,"properties":{"objectid":716,"namobj":"Kota Bangun II","fcode":"BA03070040","remark":"-","metadata":"METADATA_IGT_BATASDESA_2024","srs_id":"-","kdbbps":"-","kdpumdes":"64.02.19.2005","kdpumkec":"64.02.19","kdpumkab":"64.02","kdpumprov":"64","luaswh":"-","tipadm":"Desa"}},{"type":"Feature","id":717,"geometry":null,"properties":{"objectid":717,"namobj":"Kedang Murung","fcode":"BA03070040","remark":"-","metadata":"METADATA_IGT_BATASDESA_2024","srs_id":"-","kdbbps":"-","kdpumdes":"64.02.08.2017","kdpumkec":"64.02.08","kdpumkab":"64.02","kdpumprov":"64","luaswh":"-","tipadm":"Desa"}},{"type":"Feature","id":718,"geometry":null,"properties":{"objectid":718,"namobj":"Kersik","fcode":"BA03070040","remark":"Batas Desa belum sesuai dengan garis pantai BIG","metadata":"METADATA_IGT_BATASDESA_2024","srs_id":"-","kdbbps":"-","kdpumdes":"64.02.17.2005","kdpumkec":"64.02.17","kdpumkab":"64.02","kdpumprov":"64","luaswh":"-","tipadm":"Desa"}},{"type":"Feature","id":721,"geometry":null,"properties":{"objectid":721,"namobj":"Teluk Bingkai","fcode":"BA03070040","remark":"-","metadata":"METADATA_IGT_BATASDESA_2024","srs_id":"-","kdbbps":"-","kdpumdes":"64.02.09.2003","kdpumkec":"64.02.09","kdpumkab":"64.02","kdpumprov":"64","luaswh":"-","tipadm":"Desa"}},{"type":"Feature","id":723,"geometry":null,"properties":{"objectid":723,"namobj":"Wonosari","fcode":"BA03070040","remark":"-","metadata":"METADATA_IGT_BATASDESA_2024","srs_id":"-","kdbbps":"-","kdpumdes":"64.02.19.2010","kdpumkec":"64.02.19","kdpumkab":"64.02","kdpumprov":"64","luaswh":"-","tipadm":"Desa"}},{"type":"Feature","id":844,"geometry":null,"properties":{"objectid":844,"namobj":"Kahala Ilir","fcode":"BA03070040","remark":"-","metadata":"METADATA_IGT_BATASDESA_2024","srs_id":"-","kdbbps":"-","kdpumdes":"64.02.09.2009","kdpumkec":"64.02.09","kdpumkab":"64.02","kdpumprov":"64","luaswh":"-","tipadm":"Desa"}},{"type":"Feature","id":722,"geometry":null,"properties":{"objectid":722,"namobj":"Kahala","fcode":"BA03070040","remark":"-","metadata":"METADATA_IGT_BATASDESA_2024","srs_id":"-","kdbbps":"-","kdpumdes":"64.02.09.2004","kdpumkec":"64.02.09","kdpumkab":"64.02","kdpumprov":"64","luaswh":"-","tipadm":"Desa"}},{"type":"Feature","id":737,"geometry":null,"properties":{"objectid":737,"namobj":"Loa Pari","fcode":"BA03070040","remark":"-","metadata":"METADATA_IGT_BATASDESA_2024","srs_id":"-","kdbbps":"-","kdpumdes":"64.02.16.2016","kdpumkec":"64.02.16","kdpumkab":"64.02","kdpumprov":"64","luaswh":"-","tipadm":"Desa"}},{"type":"Feature","id":724,"geometry":null,"properties":{"objectid":724,"namobj":"Benua Baru","fcode":"BA03070040","remark":"-","metadata":"METADATA_IGT_BATASDESA_2024","srs_id":"-","kdbbps":"-","kdpumdes":"64.02.19.2003","kdpumkec":"64.02.19","kdpumkab":"64.02","kdpumprov":"64","luaswh":"-","tipadm":"Desa"}},{"type":"Feature","id":730,"geometry":null,"properties":{"objectid":730,"namobj":"Kerta Buana","fcode":"BA03070040","remark":"-","metadata":"METADATA_IGT_BATASDESA_2024","srs_id":"-","kdbbps":"-","kdpumdes":"64.02.16.2005","kdpumkec":"64.02.16","kdpumkab":"64.02","kdpumprov":"64","luaswh":"-","tipadm":"Desa"}},{"type":"Feature","id":731,"geometry":null,"properties":{"objectid":731,"namobj":"Embalut","fcode":"BA03070040","remark":"-","metadata":"METADATA_IGT_BATASDESA_2024","srs_id":"-","kdbbps":"-","kdpumdes":"64.02.16.2003","kdpumkec":"64.02.16","kdpumkab":"64.02","kdpumprov":"64","luaswh":"-","tipadm":"Desa"}},{"type":"Feature","id":736,"geometry":null,"properties":{"objectid":736,"namobj":"Loa Ulung","fcode":"BA03070040","remark":"-","metadata":"METADATA_IGT_BATASDESA_2024","srs_id":"-","kdbbps":"-","kdpumdes":"64.02.16.2010","kdpumkec":"64.02.16","kdpumkab":"64.02","kdpumprov":"64","luaswh":"-","tipadm":"Desa"}},{"type":"Feature","id":739,"geometry":null,"properties":{"objectid":739,"namobj":"Muara Kaman Ulu","fcode":"BA03070040","remark":"-","metadata":"METADATA_IGT_BATASDESA_2024","srs_id":"-","kdbbps":"-","kdpumdes":"64.02.11.2005","kdpumkec":"64.02.11","kdpumkab":"64.02","kdpumprov":"64","luaswh":"-","tipadm":"Desa"}},{"type":"Feature","id":825,"geometry":null,"properties":{"objectid":825,"namobj":"Jongkang","fcode":"BA03070040","remark":"-","metadata":"METADATA_IGT_BATASDESA_2024","srs_id":"-","kdbbps":"-","kdpumdes":"64.02.02.2015","kdpumkec":"64.02.02","kdpumkab":"64.02","kdpumprov":"64","luaswh":"-","tipadm":"Desa"}},{"type":"Feature","id":740,"geometry":null,"properties":{"objectid":740,"namobj":"Muara Kaman Ilir","fcode":"BA03070040","remark":"-","metadata":"METADATA_IGT_BATASDESA_2024","srs_id":"-","kdbbps":"-","kdpumdes":"64.02.11.2001","kdpumkec":"64.02.11","kdpumkab":"64.02","kdpumprov":"64","luaswh":"-","tipadm":"Desa"}},{"type":"Feature","id":741,"geometry":null,"properties":{"objectid":741,"namobj":"Rantau Hempang","fcode":"BA03070040","remark":"-","metadata":"METADATA_IGT_BATASDESA_2024","srs_id":"-","kdbbps":"-","kdpumdes":"64.02.11.2002","kdpumkec":"64.02.11","kdpumkab":"64.02","kdpumprov":"64","luaswh":"-","tipadm":"Desa"}},{"type":"Feature","id":797,"geometry":null,"properties":{"objectid":797,"namobj":"Jembayan","fcode":"BA03070040","remark":"-","metadata":"METADATA_IGT_BATASDESA_2024","srs_id":"-","kdbbps":"-","kdpumdes":"64.02.02.2003","kdpumkec":"64.02.02","kdpumkab":"64.02","kdpumprov":"64","luaswh":"-","tipadm":"Desa"}},{"type":"Feature","id":811,"geometry":null,"properties":{"objectid":811,"namobj":"Segihan","fcode":"BA03070040","remark":"-","metadata":"METADATA_IGT_BATASDESA_2024","srs_id":"-","kdbbps":"-","kdpumdes":"64.02.07.2006","kdpumkec":"64.02.07","kdpumkab":"64.02","kdpumprov":"64","luaswh":"-","tipadm":"Desa"}},{"type":"Feature","id":798,"geometry":null,"properties":{"objectid":798,"namobj":"Jembayan Tengah","fcode":"BA03070040","remark":"-","metadata":"METADATA_IGT_BATASDESA_2024","srs_id":"-","kdbbps":"-","kdpumdes":"64.02.02.2011","kdpumkec":"64.02.02","kdpumkab":"64.02","kdpumprov":"64","luaswh":"-","tipadm":"Desa"}},{"type":"Feature","id":788,"geometry":null,"properties":{"objectid":788,"namobj":"Lebaho Ulaq","fcode":"BA03070040","remark":"-","metadata":"METADATA_IGT_BATASDESA_2024","srs_id":"-","kdbbps":"-","kdpumdes":"64.02.11.2016","kdpumkec":"64.02.11","kdpumkab":"64.02","kdpumprov":"64","luaswh":"-","tipadm":"Desa"}},{"type":"Feature","id":789,"geometry":null,"properties":{"objectid":789,"namobj":"Tani Bhakti","fcode":"BA03070040","remark":"-","metadata":"METADATA_IGT_BATASDESA_2024","srs_id":"-","kdbbps":"-","kdpumdes":"64.02.20.2004","kdpumkec":"64.02.20","kdpumkab":"64.02","kdpumprov":"64","luaswh":"-","tipadm":"Desa"}},{"type":"Feature","id":806,"geometry":null,"properties":{"objectid":806,"namobj":"Tanjung Harapan","fcode":"BA03070040","remark":"-","metadata":"METADATA_IGT_BATASDESA_2024","srs_id":"-","kdbbps":"-","kdpumdes":"64.02.07.2002","kdpumkec":"64.02.07","kdpumkab":"64.02","kdpumprov":"64","luaswh":"-","tipadm":"Desa"}},{"type":"Feature","id":872,"geometry":null,"properties":{"objectid":872,"namobj":"Sinuruik","fcode":"BA03070040","remark":"-","metadata":"METADATA_IGT_BATASDESA_2024","srs_id":"-","kdbbps":"-","kdpumdes":"13.12.04.2003","kdpumkec":"13.12.04","kdpumkab":"13.12","kdpumprov":"13","luaswh":"-","tipadm":"Desa"}},{"type":"Feature","id":873,"geometry":null,"properties":{"objectid":873,"namobj":"Aia Bangih","fcode":"BA03070040","remark":"Batas Desa belum sesuai dengan garis pantai BIG","metadata":"METADATA_IGT_BATASDESA_2024","srs_id":"-","kdbbps":"-","kdpumdes":"13.12.01.2001","kdpumkec":"13.12.01","kdpumkab":"13.12","kdpumprov":"13","luaswh":"-","tipadm":"Desa"}},{"type":"Feature","id":874,"geometry":null,"properties":{"objectid":874,"namobj":"Tridadi","fcode":"BA03070040","remark":"-","metadata":"METADATA_IGT_BATASDESA_2024","srs_id":"-","kdbbps":"-","kdpumdes":"34.04.13.2003","kdpumkec":"34.04.13","kdpumkab":"34.04","kdpumprov":"34","luaswh":"-","tipadm":"Desa"}},{"type":"Feature","id":875,"geometry":null,"properties":{"objectid":875,"namobj":"Pandowoharjo","fcode":"BA03070040","remark":"-","metadata":"METADATA_IGT_BATASDESA_2024","srs_id":"-","kdbbps":"-","kdpumdes":"34.04.13.2004","kdpumkec":"34.04.13","kdpumkab":"34.04","kdpumprov":"34","luaswh":"-","tipadm":"Desa"}},{"type":"Feature","id":876,"geometry":null,"properties":{"objectid":876,"namobj":"Triharjo","fcode":"BA03070040","remark":"-","metadata":"METADATA_IGT_BATASDESA_2024","srs_id":"-","kdbbps":"-","kdpumdes":"34.04.13.2002","kdpumkec":"34.04.13","kdpumkab":"34.04","kdpumprov":"34","luaswh":"-","tipadm":"Desa"}},{"type":"Feature","id":814,"geometry":null,"properties":{"objectid":814,"namobj":"Hambau","fcode":"BA03070040","remark":"-","metadata":"METADATA_IGT_BATASDESA_2024","srs_id":"-","kdbbps":"-","kdpumdes":"64.02.10.2003","kdpumkec":"64.02.10","kdpumkab":"64.02","kdpumprov":"64","luaswh":"-","tipadm":"Desa"}},{"type":"Feature","id":877,"geometry":null,"properties":{"objectid":877,"namobj":"Caturharjo","fcode":"BA03070040","remark":"-","metadata":"METADATA_IGT_BATASDESA_2024","srs_id":"-","kdbbps":"-","kdpumdes":"34.04.13.2001","kdpumkec":"34.04.13","kdpumkab":"34.04","kdpumprov":"34","luaswh":"-","tipadm":"Desa"}},{"type":"Feature","id":878,"geometry":null,"properties":{"objectid":878,"namobj":"Trimulyo","fcode":"BA03070040","remark":"-","metadata":"METADATA_IGT_BATASDESA_2024","srs_id":"-","kdbbps":"-","kdpumdes":"34.04.13.2005","kdpumkec":"34.04.13","kdpumkab":"34.04","kdpumprov":"34","luaswh":"-","tipadm":"Desa"}},{"type":"Feature","id":879,"geometry":null,"properties":{"objectid":879,"namobj":"Mekarasih","fcode":"BA03070040","remark":"-","metadata":"METADATA_IGT_BATASDESA_2024","srs_id":"-","kdbbps":"-","kdpumdes":"32.11.26.2006","kdpumkec":"32.11.26","kdpumkab":"32.11","kdpumprov":"32","luaswh":"-","tipadm":"Desa"}},{"type":"Feature","id":880,"geometry":null,"properties":{"objectid":880,"namobj":"Ciranggem","fcode":"BA03070040","remark":"-","metadata":"METADATA_IGT_BATASDESA_2024","srs_id":"-","kdbbps":"-","kdpumdes":"32.11.26.2008","kdpumkec":"32.11.26","kdpumkab":"32.11","kdpumprov":"32","luaswh":"-","tipadm":"Desa"}},{"type":"Feature","id":881,"geometry":null,"properties":{"objectid":881,"namobj":"Jemah","fcode":"BA03070040","remark":"-","metadata":"METADATA_IGT_BATASDESA_2024","srs_id":"-","kdbbps":"-","kdpumdes":"32.11.26.2010","kdpumkec":"32.11.26","kdpumkab":"32.11","kdpumprov":"32","luaswh":"-","tipadm":"Desa"}},{"type":"Feature","id":882,"geometry":null,"properties":{"objectid":882,"namobj":"Cijeungjing","fcode":"BA03070040","remark":"-","metadata":"METADATA_IGT_BATASDESA_2024","srs_id":"-","kdbbps":"-","kdpumdes":"32.11.26.2001","kdpumkec":"32.11.26","kdpumkab":"32.11","kdpumprov":"32","luaswh":"-","tipadm":"Desa"}},{"type":"Feature","id":883,"geometry":null,"properties":{"objectid":883,"namobj":"Ambarjaya","fcode":"BA03070040","remark":"-","metadata":"METADATA_IGT_BATASDESA_2024","srs_id":"-","kdbbps":"-","kdpumdes":"32.02.47.2005","kdpumkec":"32.02.47","kdpumkab":"32.02","kdpumprov":"32","luaswh":"-","tipadm":"Desa"}},{"type":"Feature","id":815,"geometry":null,"properties":{"objectid":815,"namobj":"Kelekat","fcode":"BA03070040","remark":"-","metadata":"METADATA_IGT_BATASDESA_2024","srs_id":"-","kdbbps":"-","kdpumdes":"64.02.10.2005","kdpumkec":"64.02.10","kdpumkab":"64.02","kdpumprov":"64","luaswh":"-","tipadm":"Desa"}},{"type":"Feature","id":816,"geometry":null,"properties":{"objectid":816,"namobj":"Long Beleh Modang","fcode":"BA03070040","remark":"-","metadata":"METADATA_IGT_BATASDESA_2024","srs_id":"-","kdbbps":"-","kdpumdes":"64.02.10.2008","kdpumkec":"64.02.10","kdpumkab":"64.02","kdpumprov":"64","luaswh":"-","tipadm":"Desa"}},{"type":"Feature","id":818,"geometry":null,"properties":{"objectid":818,"namobj":"Long Beleh Haloq","fcode":"BA03070040","remark":"-","metadata":"METADATA_IGT_BATASDESA_2024","srs_id":"-","kdbbps":"-","kdpumdes":"64.02.10.2007","kdpumkec":"64.02.10","kdpumkab":"64.02","kdpumprov":"64","luaswh":"-","tipadm":"Desa"}},{"type":"Feature","id":845,"geometry":null,"properties":{"objectid":845,"namobj":"Loa Raya","fcode":"BA03070040","remark":"-","metadata":"METADATA_IGT_BATASDESA_2024","srs_id":"-","kdbbps":"-","kdpumdes":"64.02.16.2011","kdpumkec":"64.02.16","kdpumkab":"64.02","kdpumprov":"64","luaswh":"-","tipadm":"Desa"}},{"type":"Feature","id":807,"geometry":null,"properties":{"objectid":807,"namobj":"Sanggulan","fcode":"BA03070040","remark":"-","metadata":"METADATA_IGT_BATASDESA_2024","srs_id":"-","kdbbps":"-","kdpumdes":"64.02.07.2012","kdpumkec":"64.02.07","kdpumkab":"64.02","kdpumprov":"64","luaswh":"-","tipadm":"Desa"}},{"type":"Feature","id":808,"geometry":null,"properties":{"objectid":808,"namobj":"Senoni","fcode":"BA03070040","remark":"-","metadata":"METADATA_IGT_BATASDESA_2024","srs_id":"-","kdbbps":"-","kdpumdes":"64.02.07.2010","kdpumkec":"64.02.07","kdpumkab":"64.02","kdpumprov":"64","luaswh":"-","tipadm":"Desa"}},{"type":"Feature","id":809,"geometry":null,"properties":{"objectid":809,"namobj":"Selerong","fcode":"BA03070040","remark":"-","metadata":"METADATA_IGT_BATASDESA_2024","srs_id":"-","kdbbps":"-","kdpumdes":"64.02.07.2001","kdpumkec":"64.02.07","kdpumkab":"64.02","kdpumprov":"64","luaswh":"-","tipadm":"Desa"}},{"type":"Feature","id":802,"geometry":null,"properties":{"objectid":802,"namobj":"Separi","fcode":"BA03070040","remark":"-","metadata":"METADATA_IGT_BATASDESA_2024","srs_id":"-","kdbbps":"-","kdpumdes":"64.02.16.2006","kdpumkec":"64.02.16","kdpumkab":"64.02","kdpumprov":"64","luaswh":"-","tipadm":"Desa"}},{"type":"Feature","id":804,"geometry":null,"properties":{"objectid":804,"namobj":"Sebulu Moderen","fcode":"BA03070040","remark":"-","metadata":"METADATA_IGT_BATASDESA_2024","srs_id":"-","kdbbps":"-","kdpumdes":"64.02.07.2011","kdpumkec":"64.02.07","kdpumkab":"64.02","kdpumprov":"64","luaswh":"-","tipadm":"Desa"}},{"type":"Feature","id":805,"geometry":null,"properties":{"objectid":805,"namobj":"Beloro","fcode":"BA03070040","remark":"-","metadata":"METADATA_IGT_BATASDESA_2024","srs_id":"-","kdbbps":"-","kdpumdes":"64.02.07.2003","kdpumkec":"64.02.07","kdpumkab":"64.02","kdpumprov":"64","luaswh":"-","tipadm":"Desa"}},{"type":"Feature","id":777,"geometry":null,"properties":{"objectid":777,"namobj":"Loh Sumber","fcode":"BA03070040","remark":"-","metadata":"METADATA_IGT_BATASDESA_2024","srs_id":"-","kdbbps":"-","kdpumdes":"64.02.02.2005","kdpumkec":"64.02.02","kdpumkab":"64.02","kdpumprov":"64","luaswh":"-","tipadm":"Desa"}},{"type":"Feature","id":787,"geometry":null,"properties":{"objectid":787,"namobj":"Teratak","fcode":"BA03070040","remark":"-","metadata":"METADATA_IGT_BATASDESA_2024","srs_id":"-","kdbbps":"-","kdpumdes":"64.02.11.2003","kdpumkec":"64.02.11","kdpumkab":"64.02","kdpumprov":"64","luaswh":"-","tipadm":"Desa"}},{"type":"Feature","id":856,"geometry":null,"properties":{"objectid":856,"namobj":"Sungai Nanjung","fcode":"BA03070040","remark":"Batas Desa belum sesuai dengan garis pantai BIG","metadata":"METADATA_IGT_BATASDESA_2024","srs_id":"-","kdbbps":"-","kdpumdes":"61.04.12.2016","kdpumkec":"61.04.12","kdpumkab":"61.04","kdpumprov":"61","luaswh":"-","tipadm":"Desa"}},{"type":"Feature","id":860,"geometry":null,"properties":{"objectid":860,"namobj":"Kemuning","fcode":"BA03070040","remark":"-","metadata":"METADATA_IGT_BATASDESA_2024","srs_id":"-","kdbbps":"-","kdpumdes":"61.04.03.2007","kdpumkec":"61.04.03","kdpumkab":"61.04","kdpumprov":"61","luaswh":"-","tipadm":"Desa"}},{"type":"Feature","id":846,"geometry":null,"properties":{"objectid":846,"namobj":"Mekar Jaya","fcode":"BA03070040","remark":"-","metadata":"METADATA_IGT_BATASDESA_2024","srs_id":"-","kdbbps":"-","kdpumdes":"64.02.07.2014","kdpumkec":"64.02.07","kdpumkab":"64.02","kdpumprov":"64","luaswh":"-","tipadm":"Desa"}},{"type":"Feature","id":867,"geometry":null,"properties":{"objectid":867,"namobj":"Beringin Rayo","fcode":"BA03070040","remark":"-","metadata":"METADATA_IGT_BATASDESA_2024","srs_id":"-","kdbbps":"-","kdpumdes":"61.04.13.2026","kdpumkec":"61.04.13","kdpumkab":"61.04","kdpumprov":"61","luaswh":"-","tipadm":"Desa"}},{"type":"Feature","id":868,"geometry":null,"properties":{"objectid":868,"namobj":"Tumbang Titi","fcode":"BA03070040","remark":"-","metadata":"METADATA_IGT_BATASDESA_2024","srs_id":"-","kdbbps":"-","kdpumdes":"61.04.13.2001","kdpumkec":"61.04.13","kdpumkab":"61.04","kdpumprov":"61","luaswh":"-","tipadm":"Desa"}},{"type":"Feature","id":869,"geometry":null,"properties":{"objectid":869,"namobj":"Karya Baru","fcode":"BA03070040","remark":"-","metadata":"METADATA_IGT_BATASDESA_2024","srs_id":"-","kdbbps":"-","kdpumdes":"61.04.02.2008","kdpumkec":"61.04.02","kdpumkab":"61.04","kdpumprov":"61","luaswh":"-","tipadm":"Desa"}},{"type":"Feature","id":870,"geometry":null,"properties":{"objectid":870,"namobj":"Katiagan","fcode":"BA03070040","remark":"Batas Desa belum sesuai dengan garis pantai BIG","metadata":"METADATA_IGT_BATASDESA_2024","srs_id":"-","kdbbps":"-","kdpumdes":"13.12.05.2002","kdpumkec":"13.12.05","kdpumkab":"13.12","kdpumprov":"13","luaswh":"-","tipadm":"Desa"}},{"type":"Feature","id":871,"geometry":null,"properties":{"objectid":871,"namobj":"Kapa","fcode":"BA03070040","remark":"-","metadata":"METADATA_IGT_BATASDESA_2024","srs_id":"-","kdbbps":"-","kdpumdes":"13.12.10.2002","kdpumkec":"13.12.10","kdpumkab":"13.12","kdpumprov":"13","luaswh":"-","tipadm":"Desa"}},{"type":"Feature","id":884,"geometry":null,"properties":{"objectid":884,"namobj":"Babakan","fcode":"BA03070040","remark":"-","metadata":"METADATA_IGT_BATASDESA_2024","srs_id":"-","kdbbps":"-","kdpumdes":"32.02.29.2006","kdpumkec":"32.02.29","kdpumkab":"32.02","kdpumprov":"32","luaswh":"-","tipadm":"Desa"}},{"type":"Feature","id":885,"geometry":null,"properties":{"objectid":885,"namobj":"Babakan Panjang","fcode":"BA03070040","remark":"-","metadata":"METADATA_IGT_BATASDESA_2024","srs_id":"-","kdbbps":"-","kdpumdes":"32.02.12.2010","kdpumkec":"32.02.12","kdpumkab":"32.02","kdpumprov":"32","luaswh":"-","tipadm":"Desa"}},{"type":"Feature","id":55,"geometry":null,"properties":{"objectid":55,"namobj":"Babija","fcode":"BA03080040","remark":"-","metadata":"METADATA_IGT_BATASDESA_2024","srs_id":"-","kdbbps":"-","kdpumdes":"91.20.01.2010","kdpumkec":"91.20.01","kdpumkab":"91.20","kdpumprov":"91","luaswh":"-","tipadm":"Desa"}},{"type":"Feature","id":56,"geometry":null,"properties":{"objectid":56,"namobj":"Metaweja","fcode":"BA03080040","remark":"-","metadata":"METADATA_IGT_BATASDESA_2024","srs_id":"-","kdbbps":"-","kdpumdes":"91.20.01.2004","kdpumkec":"91.20.01","kdpumkab":"91.20","kdpumprov":"91","luaswh":"-","tipadm":"Desa"}},{"type":"Feature","id":57,"geometry":null,"properties":{"objectid":57,"namobj":"Kwerba","fcode":"BA03080040","remark":"-","metadata":"METADATA_IGT_BATASDESA_2024","srs_id":"-","kdbbps":"-","kdpumdes":"91.20.01.2008","kdpumkec":"91.20.01","kdpumkab":"91.20","kdpumprov":"91","luaswh":"-","tipadm":"Desa"}},{"type":"Feature","id":886,"geometry":null,"properties":{"objectid":886,"namobj":"Babakanjaya","fcode":"BA03070040","remark":"-","metadata":"METADATA_IGT_BATASDESA_2024","srs_id":"-","kdbbps":"-","kdpumdes":"32.02.13.2008","kdpumkec":"32.02.13","kdpumkab":"32.02","kdpumprov":"32","luaswh":"-","tipadm":"Desa"}},{"type":"Feature","id":833,"geometry":null,"properties":{"objectid":833,"namobj":"Menamang Kiri","fcode":"BA03070040","remark":"-","metadata":"METADATA_IGT_BATASDESA_2024","srs_id":"-","kdbbps":"-","kdpumdes":"64.02.11.2010","kdpumkec":"64.02.11","kdpumkab":"64.02","kdpumprov":"64","luaswh":"-","tipadm":"Desa"}},{"type":"Feature","id":887,"geometry":null,"properties":{"objectid":887,"namobj":"Babakanpari","fcode":"BA03070040","remark":"-","metadata":"METADATA_IGT_BATASDESA_2024","srs_id":"-","kdbbps":"-","kdpumdes":"32.02.17.2002","kdpumkec":"32.02.17","kdpumkab":"32.02","kdpumprov":"32","luaswh":"-","tipadm":"Desa"}},{"type":"Feature","id":888,"geometry":null,"properties":{"objectid":888,"namobj":"Balekambang","fcode":"BA03070040","remark":"-","metadata":"METADATA_IGT_BATASDESA_2024","srs_id":"-","kdbbps":"-","kdpumdes":"32.02.12.2009","kdpumkec":"32.02.12","kdpumkab":"32.02","kdpumprov":"32","luaswh":"-","tipadm":"Desa"}},{"type":"Feature","id":823,"geometry":null,"properties":{"objectid":823,"namobj":"Sungai Payang","fcode":"BA03070040","remark":"-","metadata":"METADATA_IGT_BATASDESA_2024","srs_id":"-","kdbbps":"-","kdpumdes":"64.02.02.2002","kdpumkec":"64.02.02","kdpumkab":"64.02","kdpumprov":"64","luaswh":"-","tipadm":"Desa"}},{"type":"Feature","id":824,"geometry":null,"properties":{"objectid":824,"namobj":"Bangun Rejo","fcode":"BA03070040","remark":"-","metadata":"METADATA_IGT_BATASDESA_2024","srs_id":"-","kdbbps":"-","kdpumdes":"64.02.16.2004","kdpumkec":"64.02.16","kdpumkab":"64.02","kdpumprov":"64","luaswh":"-","tipadm":"Desa"}},{"type":"Feature","id":826,"geometry":null,"properties":{"objectid":826,"namobj":"Loa Kulu Kota","fcode":"BA03070040","remark":"-","metadata":"METADATA_IGT_BATASDESA_2024","srs_id":"-","kdbbps":"-","kdpumdes":"64.02.02.2004","kdpumkec":"64.02.02","kdpumkab":"64.02","kdpumprov":"64","luaswh":"-","tipadm":"Desa"}},{"type":"Feature","id":827,"geometry":null,"properties":{"objectid":827,"namobj":"Loa Janan Ulu","fcode":"BA03070040","remark":"-","metadata":"METADATA_IGT_BATASDESA_2024","srs_id":"-","kdbbps":"-","kdpumdes":"64.02.03.2003","kdpumkec":"64.02.03","kdpumkab":"64.02","kdpumprov":"64","luaswh":"-","tipadm":"Desa"}},{"type":"Feature","id":834,"geometry":null,"properties":{"objectid":834,"namobj":"Menamang Kanan","fcode":"BA03070040","remark":"-","metadata":"METADATA_IGT_BATASDESA_2024","srs_id":"-","kdbbps":"-","kdpumdes":"64.02.11.2011","kdpumkec":"64.02.11","kdpumkab":"64.02","kdpumprov":"64","luaswh":"-","tipadm":"Desa"}},{"type":"Feature","id":829,"geometry":null,"properties":{"objectid":829,"namobj":"Tanah Datar","fcode":"BA03070040","remark":"-","metadata":"METADATA_IGT_BATASDESA_2024","srs_id":"-","kdbbps":"-","kdpumdes":"64.02.05.2006","kdpumkec":"64.02.05","kdpumkab":"64.02","kdpumprov":"64","luaswh":"-","tipadm":"Desa"}},{"type":"Feature","id":830,"geometry":null,"properties":{"objectid":830,"namobj":"Sungai Bawang","fcode":"BA03070040","remark":"-","metadata":"METADATA_IGT_BATASDESA_2024","srs_id":"-","kdbbps":"-","kdpumdes":"64.02.05.2013","kdpumkec":"64.02.05","kdpumkab":"64.02","kdpumprov":"64","luaswh":"-","tipadm":"Desa"}},{"type":"Feature","id":831,"geometry":null,"properties":{"objectid":831,"namobj":"Badak Mekar","fcode":"BA03070040","remark":"-","metadata":"METADATA_IGT_BATASDESA_2024","srs_id":"-","kdbbps":"-","kdpumdes":"64.02.05.2009","kdpumkec":"64.02.05","kdpumkab":"64.02","kdpumprov":"64","luaswh":"-","tipadm":"Desa"}},{"type":"Feature","id":838,"geometry":null,"properties":{"objectid":838,"namobj":"Tani Harapan","fcode":"BA03070040","remark":"-","metadata":"METADATA_IGT_BATASDESA_2024","srs_id":"-","kdbbps":"-","kdpumdes":"64.02.03.2008","kdpumkec":"64.02.03","kdpumkab":"64.02","kdpumprov":"64","luaswh":"-","tipadm":"Desa"}},{"type":"Feature","id":841,"geometry":null,"properties":{"objectid":841,"namobj":"Lamin Telihan","fcode":"BA03070040","remark":"-","metadata":"METADATA_IGT_BATASDESA_2024","srs_id":"-","kdbbps":"-","kdpumdes":"64.02.09.2001","kdpumkec":"64.02.09","kdpumkab":"64.02","kdpumprov":"64","luaswh":"-","tipadm":"Desa"}},{"type":"Feature","id":842,"geometry":null,"properties":{"objectid":842,"namobj":"Mulawarman","fcode":"BA03070040","remark":"-","metadata":"METADATA_IGT_BATASDESA_2024","srs_id":"-","kdbbps":"-","kdpumdes":"64.02.16.2009","kdpumkec":"64.02.16","kdpumkab":"64.02","kdpumprov":"64","luaswh":"-","tipadm":"Desa"}},{"type":"Feature","id":843,"geometry":null,"properties":{"objectid":843,"namobj":"Giri Agung","fcode":"BA03070040","remark":"-","metadata":"METADATA_IGT_BATASDESA_2024","srs_id":"-","kdbbps":"-","kdpumdes":"64.02.07.2009","kdpumkec":"64.02.07","kdpumkab":"64.02","kdpumprov":"64","luaswh":"-","tipadm":"Desa"}},{"type":"Feature","id":847,"geometry":null,"properties":{"objectid":847,"namobj":"Rampak Lambur","fcode":"BA03070040","remark":"-","metadata":"METADATA_IGT_BATASDESA_2024","srs_id":"-","kdbbps":"-","kdpumdes":"64.02.06.2012","kdpumkec":"64.02.06","kdpumkab":"64.02","kdpumprov":"64","luaswh":"-","tipadm":"Desa"}},{"type":"Feature","id":848,"geometry":null,"properties":{"objectid":848,"namobj":"Margahayu","fcode":"BA03070040","remark":"-","metadata":"METADATA_IGT_BATASDESA_2024","srs_id":"-","kdbbps":"-","kdpumdes":"64.02.02.2008","kdpumkec":"64.02.02","kdpumkab":"64.02","kdpumprov":"64","luaswh":"-","tipadm":"Desa"}},{"type":"Feature","id":159,"geometry":null,"properties":{"objectid":159,"namobj":"Wanogara Wetan","fcode":"BA03080040","remark":"-","metadata":"METADATA_IGT_BATASDESA_2024","srs_id":"-","kdbbps":"-","kdpumdes":"33.03.13.2007","kdpumkec":"33.03.13","kdpumkab":"33.03","kdpumprov":"33","luaswh":"-","tipadm":"Desa"}},{"type":"Feature","id":47,"geometry":null,"properties":{"objectid":47,"namobj":"Dabra","fcode":"BA03080040","remark":"-","metadata":"METADATA_IGT_BATASDESA_2024","srs_id":"-","kdbbps":"-","kdpumdes":"91.20.02.2001","kdpumkec":"91.20.02","kdpumkab":"91.20","kdpumprov":"91","luaswh":"-","tipadm":"Desa"}},{"type":"Feature","id":48,"geometry":null,"properties":{"objectid":48,"namobj":"Taiyeve","fcode":"BA03080040","remark":"-","metadata":"METADATA_IGT_BATASDESA_2024","srs_id":"-","kdbbps":"-","kdpumdes":"91.20.02.2002","kdpumkec":"91.20.02","kdpumkab":" ","kdpumprov":" ","luaswh":"-","tipadm":"Desa"}},{"type":"Feature","id":49,"geometry":null,"properties":{"objectid":49,"namobj":"Taria","fcode":"BA03080040","remark":"-","metadata":"METADATA_IGT_BATASDESA_2024","srs_id":"-","kdbbps":"-","kdpumdes":"91.20.02.2015","kdpumkec":"91.20.02","kdpumkab":"91.20","kdpumprov":"91","luaswh":"-","tipadm":"Desa"}},{"type":"Feature","id":51,"geometry":null,"properties":{"objectid":51,"namobj":"Fuao","fcode":"BA03080040","remark":"-","metadata":"METADATA_IGT_BATASDESA_2024","srs_id":"-","kdbbps":"-","kdpumdes":"91.20.02.2003","kdpumkec":"91.20.02","kdpumkab":"91.20","kdpumprov":"91","luaswh":"-","tipadm":"Desa"}},{"type":"Feature","id":52,"geometry":null,"properties":{"objectid":52,"namobj":"Papasena I","fcode":"BA03080040","remark":"-","metadata":"METADATA_IGT_BATASDESA_2024","srs_id":"-","kdbbps":"-","kdpumdes":"91.20.02.2004","kdpumkec":"91.20.02","kdpumkab":"91.20","kdpumprov":"91","luaswh":"-","tipadm":"Desa"}},{"type":"Feature","id":53,"geometry":null,"properties":{"objectid":53,"namobj":"Fona","fcode":"BA03080040","remark":"-","metadata":"METADATA_IGT_BATASDESA_2024","srs_id":"-","kdbbps":"-","kdpumdes":"91.20.03.2001","kdpumkec":"91.20.03","kdpumkab":"91.20","kdpumprov":"91","luaswh":"-","tipadm":"Desa"}},{"type":"Feature","id":54,"geometry":null,"properties":{"objectid":54,"namobj":"Tayai","fcode":"BA03080040","remark":"-","metadata":"METADATA_IGT_BATASDESA_2024","srs_id":"-","kdbbps":"-","kdpumdes":"91.20.03.2002","kdpumkec":"91.20.03","kdpumkab":"91.20","kdpumprov":"91","luaswh":"-","tipadm":"Desa"}},{"type":"Feature","id":73,"geometry":null,"properties":{"objectid":73,"namobj":"Kedungwuluh","fcode":"BA03080040","remark":"-","metadata":"METADATA_IGT_BATASDESA_2024","srs_id":"-","kdbbps":"-","kdpumdes":"33.03.06.2016","kdpumkec":"33.03.06","kdpumkab":"33.03","kdpumprov":"33","luaswh":"-","tipadm":"Desa"}},{"type":"Feature","id":74,"geometry":null,"properties":{"objectid":74,"namobj":"Gumiwang","fcode":"BA03080040","remark":"-","metadata":"METADATA_IGT_BATASDESA_2024","srs_id":"-","kdbbps":"-","kdpumdes":"33.03.03.2004","kdpumkec":"33.03.03","kdpumkab":"33.03","kdpumprov":"33","luaswh":"-","tipadm":"Desa"}},{"type":"Feature","id":160,"geometry":null,"properties":{"objectid":160,"namobj":"Pepedan","fcode":"BA03080040","remark":"-","metadata":"METADATA_IGT_BATASDESA_2024","srs_id":"-","kdbbps":"-","kdpumdes":"33.03.12.2002","kdpumkec":"33.03.12","kdpumkab":"33.03","kdpumprov":"33","luaswh":"-","tipadm":"Desa"}},{"type":"Feature","id":161,"geometry":null,"properties":{"objectid":161,"namobj":"Onje","fcode":"BA03080040","remark":"-","metadata":"METADATA_IGT_BATASDESA_2024","srs_id":"-","kdbbps":"-","kdpumdes":"33.03.08.2002","kdpumkec":"33.03.08","kdpumkab":"33.03","kdpumprov":"33","luaswh":"-","tipadm":"Desa"}},{"type":"Feature","id":87,"geometry":null,"properties":{"objectid":87,"namobj":"Sokawera","fcode":"BA03080040","remark":"-","metadata":"METADATA_IGT_BATASDESA_2024","srs_id":"-","kdbbps":"-","kdpumdes":"33.03.15.2002","kdpumkec":"33.03.15","kdpumkab":"33.03","kdpumprov":"33","luaswh":"-","tipadm":"Desa"}},{"type":"Feature","id":88,"geometry":null,"properties":{"objectid":88,"namobj":"Brecek","fcode":"BA03080040","remark":"-","metadata":"METADATA_IGT_BATASDESA_2024","srs_id":"-","kdbbps":"-","kdpumdes":"33.03.04.2009","kdpumkec":"33.03.04","kdpumkab":"33.03","kdpumprov":"33","luaswh":"-","tipadm":"Desa"}},{"type":"Feature","id":41,"geometry":null,"properties":{"objectid":41,"namobj":"Aluan Sumur","fcode":"BA03080040","remark":"-","metadata":"METADATA_IGT_BATASDESA_2024","srs_id":"-","kdbbps":"-","kdpumdes":"63.07.02.2005","kdpumkec":"63.07.02","kdpumkab":"63.07","kdpumprov":"63","luaswh":"-","tipadm":"Desa"}},{"type":"Feature","id":98,"geometry":null,"properties":{"objectid":98,"namobj":"Penaruban","fcode":"BA03080040","remark":"-","metadata":"METADATA_IGT_BATASDESA_2024","srs_id":"-","kdbbps":"-","kdpumdes":"33.03.04.2011","kdpumkec":"33.03.04","kdpumkab":"33.03","kdpumprov":"33","luaswh":"-","tipadm":"Desa"}},{"type":"Feature","id":89,"geometry":null,"properties":{"objectid":89,"namobj":"Kejobong","fcode":"BA03080040","remark":"-","metadata":"METADATA_IGT_BATASDESA_2024","srs_id":"-","kdbbps":"-","kdpumdes":"33.03.03.2008","kdpumkec":"33.03.03","kdpumkab":"33.03","kdpumprov":"33","luaswh":"-","tipadm":"Desa"}},{"type":"Feature","id":92,"geometry":null,"properties":{"objectid":92,"namobj":"Penolih","fcode":"BA03080040","remark":"-","metadata":"METADATA_IGT_BATASDESA_2024","srs_id":"-","kdbbps":"-","kdpumdes":"33.03.04.2004","kdpumkec":"33.03.04","kdpumkab":"33.03","kdpumprov":"33","luaswh":"-","tipadm":"Desa"}},{"type":"Feature","id":42,"geometry":null,"properties":{"objectid":42,"namobj":"Bakti","fcode":"BA03080040","remark":"-","metadata":"METADATA_IGT_BATASDESA_2024","srs_id":"-","kdbbps":"-","kdpumdes":"63.07.02.2008","kdpumkec":"63.07.02","kdpumkab":"63.07","kdpumprov":"63","luaswh":"-","tipadm":"Desa"}},{"type":"Feature","id":97,"geometry":null,"properties":{"objectid":97,"namobj":"Pasunggingan","fcode":"BA03080040","remark":"-","metadata":"METADATA_IGT_BATASDESA_2024","srs_id":"-","kdbbps":"-","kdpumdes":"33.03.16.2003","kdpumkec":"33.03.16","kdpumkab":"33.03","kdpumprov":"33","luaswh":"-","tipadm":"Desa"}},{"type":"Feature","id":605,"geometry":null,"properties":{"objectid":605,"namobj":"Mbrande","fcode":"BA03080040","remark":"-","metadata":"METADATA_IGT_BATASDESA_2024","srs_id":"-","kdbbps":"-","kdpumdes":"92.12.10.2029","kdpumkec":"92.12.10","kdpumkab":"92.12","kdpumprov":"92","luaswh":"-","tipadm":"Desa"}},{"type":"Feature","id":606,"geometry":null,"properties":{"objectid":606,"namobj":"Sugemeh","fcode":"BA03080040","remark":"-","metadata":"METADATA_IGT_BATASDESA_2024","srs_id":"-","kdbbps":"-","kdpumdes":"92.12.07.2009","kdpumkec":"92.12.07","kdpumkab":"92.12","kdpumprov":"92","luaswh":"-","tipadm":"Desa"}},{"type":"Feature","id":76,"geometry":null,"properties":{"objectid":76,"namobj":"Klapasawit","fcode":"BA03080040","remark":"-","metadata":"METADATA_IGT_BATASDESA_2024","srs_id":"-","kdbbps":"-","kdpumdes":"33.03.06.2015","kdpumkec":"33.03.06","kdpumkab":"33.03","kdpumprov":"33","luaswh":"-","tipadm":"Desa"}},{"type":"Feature","id":78,"geometry":null,"properties":{"objectid":78,"namobj":"Bandingan","fcode":"BA03080040","remark":"-","metadata":"METADATA_IGT_BATASDESA_2024","srs_id":"-","kdbbps":"-","kdpumdes":"33.03.03.2001","kdpumkec":"33.03.03","kdpumkab":"33.03","kdpumprov":"33","luaswh":"-","tipadm":"Desa"}},{"type":"Feature","id":48,"geometry":null,"properties":{"objectid":48,"namobj":"Haliau","fcode":"BA03080040","remark":"-","metadata":"METADATA_IGT_BATASDESA_2024","srs_id":"-","kdbbps":"-","kdpumdes":"63.07.02.2015","kdpumkec":"63.07.02","kdpumkab":"63.07","kdpumprov":"63","luaswh":"-","tipadm":"Desa"}},{"type":"Feature","id":79,"geometry":null,"properties":{"objectid":79,"namobj":"Jatisaba","fcode":"BA03080040","remark":"-","metadata":"METADATA_IGT_BATASDESA_2024","srs_id":"-","kdbbps":"-","kdpumdes":"33.03.05.2004","kdpumkec":"33.03.05","kdpumkab":"33.03","kdpumprov":"33","luaswh":"-","tipadm":"Desa"}},{"type":"Feature","id":59,"geometry":null,"properties":{"objectid":59,"namobj":"Rawiwa","fcode":"BA03080040","remark":"-","metadata":"METADATA_IGT_BATASDESA_2024","srs_id":"-","kdbbps":"-","kdpumdes":"91.20.06.2006","kdpumkec":"91.20.06","kdpumkab":"91.20","kdpumprov":"91","luaswh":"-","tipadm":"Desa"}},{"type":"Feature","id":60,"geometry":null,"properties":{"objectid":60,"namobj":"Bareri","fcode":"BA03080040","remark":"-","metadata":"METADATA_IGT_BATASDESA_2024","srs_id":"-","kdbbps":"-","kdpumdes":"91.20.03.2003","kdpumkec":"91.20.03","kdpumkab":"91.20","kdpumprov":"91","luaswh":"-","tipadm":"Desa"}},{"type":"Feature","id":17,"geometry":null,"properties":{"objectid":17,"namobj":"Pelumutan","fcode":"BA03080040","remark":"-","metadata":"METADATA_IGT_BATASDESA_2024","srs_id":"-","kdbbps":"-","kdpumdes":"33.03.01.2003","kdpumkec":"33.03.01","kdpumkab":"33.03","kdpumprov":"33","luaswh":"-","tipadm":"Desa"}},{"type":"Feature","id":18,"geometry":null,"properties":{"objectid":18,"namobj":"Bokol","fcode":"BA03080040","remark":"-","metadata":"METADATA_IGT_BATASDESA_2024","srs_id":"-","kdbbps":"-","kdpumdes":"33.03.01.2002","kdpumkec":"33.03.01","kdpumkab":"33.03","kdpumprov":"33","luaswh":"-","tipadm":"Desa"}},{"type":"Feature","id":24,"geometry":null,"properties":{"objectid":24,"namobj":"Taleko Batusaiki","fcode":"BA03080040","remark":"Batas Desa belum sesuai dengan garis pantai BIG","metadata":"METADATA_IGT_BATASDESA_2024","srs_id":"-","kdbbps":"-","kdpumdes":"71.03.11.2006","kdpumkec":"71.03.11","kdpumkab":"71.03","kdpumprov":"71","luaswh":"-","tipadm":"Desa"}},{"type":"Feature","id":99,"geometry":null,"properties":{"objectid":99,"namobj":"Kalitinggar Kidul","fcode":"BA03080040","remark":"-","metadata":"METADATA_IGT_BATASDESA_2024","srs_id":"-","kdbbps":"-","kdpumdes":"33.03.15.2014","kdpumkec":"33.03.15","kdpumkab":"33.03","kdpumprov":"33","luaswh":"-","tipadm":"Desa"}},{"type":"Feature","id":162,"geometry":null,"properties":{"objectid":162,"namobj":"Karangnangka","fcode":"BA03080040","remark":"-","metadata":"METADATA_IGT_BATASDESA_2024","srs_id":"-","kdbbps":"-","kdpumdes":"33.03.08.2009","kdpumkec":"33.03.08","kdpumkab":"33.03","kdpumprov":"33","luaswh":"-","tipadm":"Desa"}},{"type":"Feature","id":101,"geometry":null,"properties":{"objectid":101,"namobj":"Padamara","fcode":"BA03080040","remark":"-","metadata":"METADATA_IGT_BATASDESA_2024","srs_id":"-","kdbbps":"-","kdpumdes":"33.03.15.2009","kdpumkec":"33.03.15","kdpumkab":"33.03","kdpumprov":"33","luaswh":"-","tipadm":"Desa"}},{"type":"Feature","id":109,"geometry":null,"properties":{"objectid":109,"namobj":"Kedarpan","fcode":"BA03080040","remark":"-","metadata":"METADATA_IGT_BATASDESA_2024","srs_id":"-","kdbbps":"-","kdpumdes":"33.03.03.2012","kdpumkec":"33.03.03","kdpumkab":"33.03","kdpumprov":"33","luaswh":"-","tipadm":"Desa"}},{"type":"Feature","id":6,"geometry":null,"properties":{"objectid":6,"namobj":"Mangunang","fcode":"BA03080040","remark":"-","metadata":"METADATA_IGT_BATASDESA_2024","srs_id":"-","kdbbps":"-","kdpumdes":"63.07.01.2011","kdpumkec":"63.07.01","kdpumkab":"63.07","kdpumprov":"63","luaswh":"-","tipadm":"Desa"}},{"type":"Feature","id":25,"geometry":null,"properties":{"objectid":25,"namobj":"Dalako Bembanehe","fcode":"BA03080040","remark":"Batas Desa belum sesuai dengan garis pantai BIG","metadata":"METADATA_IGT_BATASDESA_2024","srs_id":"-","kdbbps":"-","kdpumdes":"71.03.11.2005","kdpumkec":"71.03.11","kdpumkab":"71.03","kdpumprov":"71","luaswh":"-","tipadm":"Desa"}},{"type":"Feature","id":33,"geometry":null,"properties":{"objectid":33,"namobj":"Para","fcode":"BA03080040","remark":"Batas Desa belum sesuai dengan garis pantai BIG","metadata":"METADATA_IGT_BATASDESA_2024","srs_id":"-","kdbbps":"-","kdpumdes":"71.03.11.2004","kdpumkec":"71.03.11","kdpumkab":"71.03","kdpumprov":"71","luaswh":"-","tipadm":"Desa"}},{"type":"Feature","id":53,"geometry":null,"properties":{"objectid":53,"namobj":"Para I","fcode":"BA03080040","remark":"Batas Desa belum sesuai dengan garis pantai BIG","metadata":"METADATA_IGT_BATASDESA_2024","srs_id":"-","kdbbps":"-","kdpumdes":"71.03.11.2007","kdpumkec":"71.03.11","kdpumkab":"71.03","kdpumprov":"71","luaswh":"-","tipadm":"Desa"}},{"type":"Feature","id":377,"geometry":null,"properties":{"objectid":377,"namobj":"Tuhubea","fcode":"BA03080040","remark":"-","metadata":"METADATA_IGT_BATASDESA_2024","srs_id":"-","kdbbps":"-","kdpumdes":"92.12.04.2002","kdpumkec":"92.12.04","kdpumkab":"92.12","kdpumprov":"92","luaswh":"-","tipadm":"Desa"}},{"type":"Feature","id":163,"geometry":null,"properties":{"objectid":163,"namobj":"Metenggeng","fcode":"BA03080040","remark":"-","metadata":"METADATA_IGT_BATASDESA_2024","srs_id":"-","kdbbps":"-","kdpumdes":"33.03.14.2012","kdpumkec":"33.03.14","kdpumkab":"33.03","kdpumprov":"33","luaswh":"-","tipadm":"Desa"}},{"type":"Feature","id":164,"geometry":null,"properties":{"objectid":164,"namobj":"Tangkisan","fcode":"BA03080040","remark":"-","metadata":"METADATA_IGT_BATASDESA_2024","srs_id":"-","kdbbps":"-","kdpumdes":"33.03.08.2004","kdpumkec":"33.03.08","kdpumkab":"33.03","kdpumprov":"33","luaswh":"-","tipadm":"Desa"}},{"type":"Feature","id":381,"geometry":null,"properties":{"objectid":381,"namobj":"Menesrij","fcode":"BA03080040","remark":"-","metadata":"METADATA_IGT_BATASDESA_2024","srs_id":"-","kdbbps":"-","kdpumdes":"92.12.04.2012","kdpumkec":"92.12.04","kdpumkab":"92.12","kdpumprov":"92","luaswh":"-","tipadm":"Desa"}},{"type":"Feature","id":384,"geometry":null,"properties":{"objectid":384,"namobj":"Sakumi","fcode":"BA03080040","remark":"-","metadata":"METADATA_IGT_BATASDESA_2024","srs_id":"-","kdbbps":"-","kdpumdes":"92.12.02.2004","kdpumkec":"92.12.02","kdpumkab":"92.12","kdpumprov":"92","luaswh":"-","tipadm":"Desa"}},{"type":"Feature","id":385,"geometry":null,"properties":{"objectid":385,"namobj":"Demdamei","fcode":"BA03080040","remark":"-","metadata":"METADATA_IGT_BATASDESA_2024","srs_id":"-","kdbbps":"-","kdpumdes":"92.12.05.2012","kdpumkec":"92.12.05","kdpumkab":"92.12","kdpumprov":"92","luaswh":"-","tipadm":"Desa"}},{"type":"Feature","id":43,"geometry":null,"properties":{"objectid":43,"namobj":"Aluan Besar","fcode":"BA03080040","remark":"-","metadata":"METADATA_IGT_BATASDESA_2024","srs_id":"-","kdbbps":"-","kdpumdes":"63.07.02.2006","kdpumkec":"63.07.02","kdpumkab":"63.07","kdpumprov":"63","luaswh":"-","tipadm":"Desa"}},{"type":"Feature","id":615,"geometry":null,"properties":{"objectid":615,"namobj":"Umcep","fcode":"BA03080040","remark":"-","metadata":"METADATA_IGT_BATASDESA_2024","srs_id":"-","kdbbps":"-","kdpumdes":"92.12.10.2023","kdpumkec":"92.12.10","kdpumkab":"92.12","kdpumprov":"92","luaswh":"-","tipadm":"Desa"}},{"type":"Feature","id":44,"geometry":null,"properties":{"objectid":44,"namobj":"Aluan","fcode":"BA03080040","remark":"-","metadata":"METADATA_IGT_BATASDESA_2024","srs_id":"-","kdbbps":"-","kdpumdes":"63.07.02.2009","kdpumkec":"63.07.02","kdpumkab":"63.07","kdpumprov":"63","luaswh":"-","tipadm":"Desa"}},{"type":"Feature","id":165,"geometry":null,"properties":{"objectid":165,"namobj":"Kradenan","fcode":"BA03080040","remark":"-","metadata":"METADATA_IGT_BATASDESA_2024","srs_id":"-","kdbbps":"-","kdpumdes":"33.03.08.2005","kdpumkec":"33.03.08","kdpumkab":"33.03","kdpumprov":"33","luaswh":"-","tipadm":"Desa"}},{"type":"Feature","id":166,"geometry":null,"properties":{"objectid":166,"namobj":"Karangsari","fcode":"BA03080040","remark":"-","metadata":"METADATA_IGT_BATASDESA_2024","srs_id":"-","kdbbps":"-","kdpumdes":"33.03.12.2001","kdpumkec":"33.03.12","kdpumkab":"33.03","kdpumprov":"33","luaswh":"-","tipadm":"Desa"}},{"type":"Feature","id":80,"geometry":null,"properties":{"objectid":80,"namobj":"Karangpule","fcode":"BA03080040","remark":"-","metadata":"METADATA_IGT_BATASDESA_2024","srs_id":"-","kdbbps":"-","kdpumdes":"33.03.15.2001","kdpumkec":"33.03.15","kdpumkab":"33.03","kdpumprov":"33","luaswh":"-","tipadm":"Desa"}},{"type":"Feature","id":81,"geometry":null,"properties":{"objectid":81,"namobj":"Langgar","fcode":"BA03080040","remark":"-","metadata":"METADATA_IGT_BATASDESA_2024","srs_id":"-","kdbbps":"-","kdpumdes":"33.03.03.2009","kdpumkec":"33.03.03","kdpumkab":"33.03","kdpumprov":"33","luaswh":"-","tipadm":"Desa"}},{"type":"Feature","id":82,"geometry":null,"properties":{"objectid":82,"namobj":"Timbang","fcode":"BA03080040","remark":"-","metadata":"METADATA_IGT_BATASDESA_2024","srs_id":"-","kdbbps":"-","kdpumdes":"33.03.03.2010","kdpumkec":"33.03.03","kdpumkab":"33.03","kdpumprov":"33","luaswh":"-","tipadm":"Desa"}},{"type":"Feature","id":86,"geometry":null,"properties":{"objectid":86,"namobj":"Babakan","fcode":"BA03080040","remark":"-","metadata":"METADATA_IGT_BATASDESA_2024","srs_id":"-","kdbbps":"-","kdpumdes":"33.03.06.2017","kdpumkec":"33.03.06","kdpumkab":"33.03","kdpumprov":"33","luaswh":"-","tipadm":"Desa"}},{"type":"Feature","id":102,"geometry":null,"properties":{"objectid":102,"namobj":"Pangempon","fcode":"BA03080040","remark":"-","metadata":"METADATA_IGT_BATASDESA_2024","srs_id":"-","kdbbps":"-","kdpumdes":"33.03.03.2013","kdpumkec":"33.03.03","kdpumkab":"33.03","kdpumprov":"33","luaswh":"-","tipadm":"Desa"}},{"type":"Feature","id":103,"geometry":null,"properties":{"objectid":103,"namobj":"Bojanegara","fcode":"BA03080040","remark":"-","metadata":"METADATA_IGT_BATASDESA_2024","srs_id":"-","kdbbps":"-","kdpumdes":"33.03.15.2005","kdpumkec":"33.03.15","kdpumkab":"33.03","kdpumprov":"33","luaswh":"-","tipadm":"Desa"}},{"type":"Feature","id":104,"geometry":null,"properties":{"objectid":104,"namobj":"Nangkod","fcode":"BA03080040","remark":"-","metadata":"METADATA_IGT_BATASDESA_2024","srs_id":"-","kdbbps":"-","kdpumdes":"33.03.03.2011","kdpumkec":"33.03.03","kdpumkab":"33.03","kdpumprov":"33","luaswh":"-","tipadm":"Desa"}},{"type":"Feature","id":106,"geometry":null,"properties":{"objectid":106,"namobj":"Sinduraja","fcode":"BA03080040","remark":"-","metadata":"METADATA_IGT_BATASDESA_2024","srs_id":"-","kdbbps":"-","kdpumdes":"33.03.04.2005","kdpumkec":"33.03.04","kdpumkab":"33.03","kdpumprov":"33","luaswh":"-","tipadm":"Desa"}},{"type":"Feature","id":107,"geometry":null,"properties":{"objectid":107,"namobj":"Selanegara","fcode":"BA03080040","remark":"-","metadata":"METADATA_IGT_BATASDESA_2024","srs_id":"-","kdbbps":"-","kdpumdes":"33.03.04.2007","kdpumkec":"33.03.04","kdpumkab":"33.03","kdpumprov":"33","luaswh":"-","tipadm":"Desa"}},{"type":"Feature","id":167,"geometry":null,"properties":{"objectid":167,"namobj":"Pekalongan","fcode":"BA03080040","remark":"-","metadata":"METADATA_IGT_BATASDESA_2024","srs_id":"-","kdbbps":"-","kdpumdes":"33.03.14.2011","kdpumkec":"33.03.14","kdpumkab":"33.03","kdpumprov":"33","luaswh":"-","tipadm":"Desa"}},{"type":"Feature","id":45,"geometry":null,"properties":{"objectid":45,"namobj":"Kahakan","fcode":"BA03080040","remark":"-","metadata":"METADATA_IGT_BATASDESA_2024","srs_id":"-","kdbbps":"-","kdpumdes":"63.07.02.2004","kdpumkec":"63.07.02","kdpumkab":"63.07","kdpumprov":"63","luaswh":"-","tipadm":"Desa"}},{"type":"Feature","id":46,"geometry":null,"properties":{"objectid":46,"namobj":"Paya Besar","fcode":"BA03080040","remark":"-","metadata":"METADATA_IGT_BATASDESA_2024","srs_id":"-","kdbbps":"-","kdpumdes":"63.07.02.2007","kdpumkec":"63.07.02","kdpumkab":"63.07","kdpumprov":"63","luaswh":"-","tipadm":"Desa"}},{"type":"Feature","id":93,"geometry":null,"properties":{"objectid":93,"namobj":"Karangjambe","fcode":"BA03080040","remark":"-","metadata":"METADATA_IGT_BATASDESA_2024","srs_id":"-","kdbbps":"-","kdpumdes":"33.03.15.2003","kdpumkec":"33.03.15","kdpumkab":"33.03","kdpumprov":"33","luaswh":"-","tipadm":"Desa"}},{"type":"Feature","id":94,"geometry":null,"properties":{"objectid":94,"namobj":"Cilapar","fcode":"BA03080040","remark":"-","metadata":"METADATA_IGT_BATASDESA_2024","srs_id":"-","kdbbps":"-","kdpumdes":"33.03.04.2003","kdpumkec":"33.03.04","kdpumkab":"33.03","kdpumprov":"33","luaswh":"-","tipadm":"Desa"}},{"type":"Feature","id":617,"geometry":null,"properties":{"objectid":617,"namobj":"Gueipimbai","fcode":"BA03080040","remark":"-","metadata":"METADATA_IGT_BATASDESA_2024","srs_id":"-","kdbbps":"-","kdpumdes":"92.12.10.2010","kdpumkec":"92.12.10","kdpumkab":"92.12","kdpumprov":"92","luaswh":"-","tipadm":"Desa"}},{"type":"Feature","id":95,"geometry":null,"properties":{"objectid":95,"namobj":"Sempor Lor","fcode":"BA03080040","remark":"-","metadata":"METADATA_IGT_BATASDESA_2024","srs_id":"-","kdbbps":"-","kdpumdes":"33.03.04.2010","kdpumkec":"33.03.04","kdpumkab":"33.03","kdpumprov":"33","luaswh":"-","tipadm":"Desa"}},{"type":"Feature","id":110,"geometry":null,"properties":{"objectid":110,"namobj":"Kalitinggar","fcode":"BA03080040","remark":"-","metadata":"METADATA_IGT_BATASDESA_2024","srs_id":"-","kdbbps":"-","kdpumdes":"33.03.15.2011","kdpumkec":"33.03.15","kdpumkab":"33.03","kdpumprov":"33","luaswh":"-","tipadm":"Desa"}},{"type":"Feature","id":111,"geometry":null,"properties":{"objectid":111,"namobj":"Kaligondang","fcode":"BA03080040","remark":"-","metadata":"METADATA_IGT_BATASDESA_2024","srs_id":"-","kdbbps":"-","kdpumdes":"33.03.04.2008","kdpumkec":"33.03.04","kdpumkab":"33.03","kdpumprov":"33","luaswh":"-","tipadm":"Desa"}},{"type":"Feature","id":112,"geometry":null,"properties":{"objectid":112,"namobj":"Gemuruh","fcode":"BA03080040","remark":"-","metadata":"METADATA_IGT_BATASDESA_2024","srs_id":"-","kdbbps":"-","kdpumdes":"33.03.15.2006","kdpumkec":"33.03.15","kdpumkab":"33.03","kdpumprov":"33","luaswh":"-","tipadm":"Desa"}},{"type":"Feature","id":113,"geometry":null,"properties":{"objectid":113,"namobj":"Kembaran Wetan","fcode":"BA03080040","remark":"-","metadata":"METADATA_IGT_BATASDESA_2024","srs_id":"-","kdbbps":"-","kdpumdes":"33.03.04.2013","kdpumkec":"33.03.04","kdpumkab":"33.03","kdpumprov":"33","luaswh":"-","tipadm":"Desa"}},{"type":"Feature","id":618,"geometry":null,"properties":{"objectid":618,"namobj":"Bigwaimud","fcode":"BA03080040","remark":"-","metadata":"METADATA_IGT_BATASDESA_2024","srs_id":"-","kdbbps":"-","kdpumdes":"92.12.07.2002","kdpumkec":"92.12.07","kdpumkab":"92.12","kdpumprov":"92","luaswh":"-","tipadm":"Desa"}},{"type":"Feature","id":681,"geometry":null,"properties":{"objectid":681,"namobj":"Imbrekti","fcode":"BA03080040","remark":"-","metadata":"METADATA_IGT_BATASDESA_2024","srs_id":"-","kdbbps":"-","kdpumdes":"92.12.09.2027","kdpumkec":"92.12.09","kdpumkab":"92.12","kdpumprov":"92","luaswh":"-","tipadm":"Desa"}},{"type":"Feature","id":114,"geometry":null,"properties":{"objectid":114,"namobj":"Purbayasa","fcode":"BA03080040","remark":"-","metadata":"METADATA_IGT_BATASDESA_2024","srs_id":"-","kdbbps":"-","kdpumdes":"33.03.15.2010","kdpumkec":"33.03.15","kdpumkab":"33.03","kdpumprov":"33","luaswh":"-","tipadm":"Desa"}},{"type":"Feature","id":634,"geometry":null,"properties":{"objectid":634,"namobj":"Aiga","fcode":"BA03080040","remark":"-","metadata":"METADATA_IGT_BATASDESA_2024","srs_id":"-","kdbbps":"-","kdpumdes":"92.12.07.2005","kdpumkec":"92.12.07","kdpumkab":"92.12","kdpumprov":"92","luaswh":"-","tipadm":"Desa"}},{"type":"Feature","id":1,"geometry":null,"properties":{"objectid":1,"namobj":"Pengambau Hulu","fcode":"BA03080040","remark":"-","metadata":"METADATA_IGT_BATASDESA_2024","srs_id":"-","kdbbps":"-","kdpumdes":"63.07.01.2008","kdpumkec":"63.07.01","kdpumkab":"63.07","kdpumprov":"63","luaswh":"-","tipadm":"Desa"}},{"type":"Feature","id":2,"geometry":null,"properties":{"objectid":2,"namobj":"Sungai Harang","fcode":"BA03080040","remark":"-","metadata":"METADATA_IGT_BATASDESA_2024","srs_id":"-","kdbbps":"-","kdpumdes":"63.07.01.2009","kdpumkec":"63.07.01","kdpumkab":"63.07","kdpumprov":"63","luaswh":"-","tipadm":"Desa"}},{"type":"Feature","id":3,"geometry":null,"properties":{"objectid":3,"namobj":"Batu Panggung","fcode":"BA03080040","remark":"-","metadata":"METADATA_IGT_BATASDESA_2024","srs_id":"-","kdbbps":"-","kdpumdes":"63.07.01.2010","kdpumkec":"63.07.01","kdpumkab":"63.07","kdpumprov":"63","luaswh":"-","tipadm":"Desa"}},{"type":"Feature","id":4,"geometry":null,"properties":{"objectid":4,"namobj":"Mangunang Seberang","fcode":"BA03080040","remark":"-","metadata":"METADATA_IGT_BATASDESA_2024","srs_id":"-","kdbbps":"-","kdpumdes":"63.07.01.2015","kdpumkec":"63.07.01","kdpumkab":"63.07","kdpumprov":"63","luaswh":"-","tipadm":"Desa"}},{"type":"Feature","id":51,"geometry":null,"properties":{"objectid":51,"namobj":"Kapar","fcode":"BA03080040","remark":"-","metadata":"METADATA_IGT_BATASDESA_2024","srs_id":"-","kdbbps":"-","kdpumdes":"63.07.07.2003","kdpumkec":"63.07.07","kdpumkab":"63.07","kdpumprov":"63","luaswh":"-","tipadm":"Desa"}},{"type":"Feature","id":47,"geometry":null,"properties":{"objectid":47,"namobj":"Kalibaru","fcode":"BA03080040","remark":"-","metadata":"METADATA_IGT_BATASDESA_2024","srs_id":"-","kdbbps":"-","kdpumdes":"63.07.02.2003","kdpumkec":"63.07.02","kdpumkab":"63.07","kdpumprov":"63","luaswh":"-","tipadm":"Desa"}},{"type":"Feature","id":39,"geometry":null,"properties":{"objectid":39,"namobj":"Karangcengis","fcode":"BA03080040","remark":"-","metadata":"METADATA_IGT_BATASDESA_2024","srs_id":"-","kdbbps":"-","kdpumdes":"33.03.02.2005","kdpumkec":"33.03.02","kdpumkab":"33.03","kdpumprov":"33","luaswh":"-","tipadm":"Desa"}},{"type":"Feature","id":40,"geometry":null,"properties":{"objectid":40,"namobj":"Gambarsari","fcode":"BA03080040","remark":"-","metadata":"METADATA_IGT_BATASDESA_2024","srs_id":"-","kdbbps":"-","kdpumdes":"33.03.01.2016","kdpumkec":"33.03.01","kdpumkab":"33.03","kdpumprov":"33","luaswh":"-","tipadm":"Desa"}},{"type":"Feature","id":41,"geometry":null,"properties":{"objectid":41,"namobj":"Majasari","fcode":"BA03080040","remark":"-","metadata":"METADATA_IGT_BATASDESA_2024","srs_id":"-","kdbbps":"-","kdpumdes":"33.03.02.2013","kdpumkec":"33.03.02","kdpumkab":"33.03","kdpumprov":"33","luaswh":"-","tipadm":"Desa"}},{"type":"Feature","id":42,"geometry":null,"properties":{"objectid":42,"namobj":"Majasem","fcode":"BA03080040","remark":"-","metadata":"METADATA_IGT_BATASDESA_2024","srs_id":"-","kdbbps":"-","kdpumdes":"33.03.01.2019","kdpumkec":"33.03.01","kdpumkab":"33.03","kdpumprov":"33","luaswh":"-","tipadm":"Desa"}},{"type":"Feature","id":19,"geometry":null,"properties":{"objectid":19,"namobj":"Kedungbenda","fcode":"BA03080040","remark":"-","metadata":"METADATA_IGT_BATASDESA_2024","srs_id":"-","kdbbps":"-","kdpumdes":"33.03.01.2001","kdpumkec":"33.03.01","kdpumkab":"33.03","kdpumprov":"33","luaswh":"-","tipadm":"Desa"}},{"type":"Feature","id":20,"geometry":null,"properties":{"objectid":20,"namobj":"Majatengah","fcode":"BA03080040","remark":"-","metadata":"METADATA_IGT_BATASDESA_2024","srs_id":"-","kdbbps":"-","kdpumdes":"33.03.01.2004","kdpumkec":"33.03.01","kdpumkab":"33.03","kdpumprov":"33","luaswh":"-","tipadm":"Desa"}},{"type":"Feature","id":21,"geometry":null,"properties":{"objectid":21,"namobj":"Senon","fcode":"BA03080040","remark":"-","metadata":"METADATA_IGT_BATASDESA_2024","srs_id":"-","kdbbps":"-","kdpumdes":"33.03.01.2011","kdpumkec":"33.03.01","kdpumkab":"33.03","kdpumprov":"33","luaswh":"-","tipadm":"Desa"}},{"type":"Feature","id":130,"geometry":null,"properties":{"objectid":130,"namobj":"Karangaren","fcode":"BA03080040","remark":"-","metadata":"METADATA_IGT_BATASDESA_2024","srs_id":"-","kdbbps":"-","kdpumdes":"33.03.07.2008","kdpumkec":"33.03.07","kdpumkab":"33.03","kdpumprov":"33","luaswh":"-","tipadm":"Desa"}},{"type":"Feature","id":115,"geometry":null,"properties":{"objectid":115,"namobj":"Prigi","fcode":"BA03080040","remark":"-","metadata":"METADATA_IGT_BATASDESA_2024","srs_id":"-","kdbbps":"-","kdpumdes":"33.03.15.2008","kdpumkec":"33.03.15","kdpumkab":"33.03","kdpumprov":"33","luaswh":"-","tipadm":"Desa"}},{"type":"Feature","id":116,"geometry":null,"properties":{"objectid":116,"namobj":"Brobot","fcode":"BA03080040","remark":"-","metadata":"METADATA_IGT_BATASDESA_2024","srs_id":"-","kdbbps":"-","kdpumdes":"33.03.14.2001","kdpumkec":"33.03.14","kdpumkab":"33.03","kdpumprov":"33","luaswh":"-","tipadm":"Desa"}},{"type":"Feature","id":638,"geometry":null,"properties":{"objectid":638,"namobj":"Kisap","fcode":"BA03080040","remark":"-","metadata":"METADATA_IGT_BATASDESA_2024","srs_id":"-","kdbbps":"-","kdpumdes":"92.12.10.2004","kdpumkec":"92.12.10","kdpumkab":"92.12","kdpumprov":"92","luaswh":"-","tipadm":"Desa"}},{"type":"Feature","id":117,"geometry":null,"properties":{"objectid":117,"namobj":"Karanglewas","fcode":"BA03080040","remark":"-","metadata":"METADATA_IGT_BATASDESA_2024","srs_id":"-","kdbbps":"-","kdpumdes":"33.03.07.2001","kdpumkec":"33.03.07","kdpumkab":"33.03","kdpumprov":"33","luaswh":"-","tipadm":"Desa"}},{"type":"Feature","id":5,"geometry":null,"properties":{"objectid":5,"namobj":"Hapulang","fcode":"BA03080040","remark":"-","metadata":"METADATA_IGT_BATASDESA_2024","srs_id":"-","kdbbps":"-","kdpumdes":"63.07.01.2012","kdpumkec":"63.07.01","kdpumkab":"63.07","kdpumprov":"63","luaswh":"-","tipadm":"Desa"}},{"type":"Feature","id":7,"geometry":null,"properties":{"objectid":7,"namobj":"Tabat Padang","fcode":"BA03080040","remark":"-","metadata":"METADATA_IGT_BATASDESA_2024","srs_id":"-","kdbbps":"-","kdpumdes":"63.07.01.2014","kdpumkec":"63.07.01","kdpumkab":"63.07","kdpumprov":"63","luaswh":"-","tipadm":"Desa"}},{"type":"Feature","id":640,"geometry":null,"properties":{"objectid":640,"namobj":"Pinyausi","fcode":"BA03080040","remark":"-","metadata":"METADATA_IGT_BATASDESA_2024","srs_id":"-","kdbbps":"-","kdpumdes":"92.12.09.2029","kdpumkec":"92.12.09","kdpumkab":"92.12","kdpumprov":"92","luaswh":"-","tipadm":"Desa"}},{"type":"Feature","id":49,"geometry":null,"properties":{"objectid":49,"namobj":"Layuh","fcode":"BA03080040","remark":"-","metadata":"METADATA_IGT_BATASDESA_2024","srs_id":"-","kdbbps":"-","kdpumdes":"63.07.02.2014","kdpumkec":"63.07.02","kdpumkab":"63.07","kdpumprov":"63","luaswh":"-","tipadm":"Desa"}},{"type":"Feature","id":50,"geometry":null,"properties":{"objectid":50,"namobj":"Banua Rantau","fcode":"BA03080040","remark":"-","metadata":"METADATA_IGT_BATASDESA_2024","srs_id":"-","kdbbps":"-","kdpumdes":"63.07.07.2016","kdpumkec":"63.07.07","kdpumkab":"63.07","kdpumprov":"63","luaswh":"-","tipadm":"Desa"}},{"type":"Feature","id":715,"geometry":null,"properties":{"objectid":715,"namobj":"Mitiede","fcode":"BA03080040","remark":"-","metadata":"METADATA_IGT_BATASDESA_2024","srs_id":"-","kdbbps":"-","kdpumdes":"92.12.09.2013","kdpumkec":"92.12.09","kdpumkab":"92.12","kdpumprov":"92","luaswh":"-","tipadm":"Desa"}},{"type":"Feature","id":22,"geometry":null,"properties":{"objectid":22,"namobj":"Kedunglegok","fcode":"BA03080040","remark":"-","metadata":"METADATA_IGT_BATASDESA_2024","srs_id":"-","kdbbps":"-","kdpumdes":"33.03.01.2005","kdpumkec":"33.03.01","kdpumkab":"33.03","kdpumprov":"33","luaswh":"-","tipadm":"Desa"}},{"type":"Feature","id":23,"geometry":null,"properties":{"objectid":23,"namobj":"Sumilir","fcode":"BA03080040","remark":"-","metadata":"METADATA_IGT_BATASDESA_2024","srs_id":"-","kdbbps":"-","kdpumdes":"33.03.01.2012","kdpumkec":"33.03.01","kdpumkab":"33.03","kdpumprov":"33","luaswh":"-","tipadm":"Desa"}},{"type":"Feature","id":24,"geometry":null,"properties":{"objectid":24,"namobj":"Kemangkon","fcode":"BA03080040","remark":"-","metadata":"METADATA_IGT_BATASDESA_2024","srs_id":"-","kdbbps":"-","kdpumdes":"33.03.01.2006","kdpumkec":"33.03.01","kdpumkab":"33.03","kdpumprov":"33","luaswh":"-","tipadm":"Desa"}},{"type":"Feature","id":118,"geometry":null,"properties":{"objectid":118,"namobj":"Kalikajar","fcode":"BA03080040","remark":"-","metadata":"METADATA_IGT_BATASDESA_2024","srs_id":"-","kdbbps":"-","kdpumdes":"33.03.04.2012","kdpumkec":"33.03.04","kdpumkab":"33.03","kdpumprov":"33","luaswh":"-","tipadm":"Desa"}},{"type":"Feature","id":119,"geometry":null,"properties":{"objectid":119,"namobj":"Larangan","fcode":"BA03080040","remark":"-","metadata":"METADATA_IGT_BATASDESA_2024","srs_id":"-","kdbbps":"-","kdpumdes":"33.03.16.2002","kdpumkec":"33.03.16","kdpumkab":"33.03","kdpumprov":"33","luaswh":"-","tipadm":"Desa"}},{"type":"Feature","id":120,"geometry":null,"properties":{"objectid":120,"namobj":"Galuh","fcode":"BA03080040","remark":"-","metadata":"METADATA_IGT_BATASDESA_2024","srs_id":"-","kdbbps":"-","kdpumdes":"33.03.14.2003","kdpumkec":"33.03.14","kdpumkab":"33.03","kdpumprov":"33","luaswh":"-","tipadm":"Desa"}},{"type":"Feature","id":121,"geometry":null,"properties":{"objectid":121,"namobj":"Pengadegan","fcode":"BA03080040","remark":"-","metadata":"METADATA_IGT_BATASDESA_2024","srs_id":"-","kdbbps":"-","kdpumdes":"33.03.16.2004","kdpumkec":"33.03.16","kdpumkab":"33.03","kdpumprov":"33","luaswh":"-","tipadm":"Desa"}},{"type":"Feature","id":8,"geometry":null,"properties":{"objectid":8,"namobj":"Lok Buntar","fcode":"BA03080040","remark":"-","metadata":"METADATA_IGT_BATASDESA_2024","srs_id":"-","kdbbps":"-","kdpumdes":"63.07.01.2013","kdpumkec":"63.07.01","kdpumkab":"63.07","kdpumprov":"63","luaswh":"-","tipadm":"Desa"}},{"type":"Feature","id":59,"geometry":null,"properties":{"objectid":59,"namobj":"Birayang Surapati","fcode":"BA03080040","remark":"-","metadata":"METADATA_IGT_BATASDESA_2024","srs_id":"-","kdbbps":"-","kdpumdes":"63.07.07.2009","kdpumkec":"63.07.07","kdpumkab":"63.07","kdpumprov":"63","luaswh":"-","tipadm":"Desa"}},{"type":"Feature","id":9,"geometry":null,"properties":{"objectid":9,"namobj":"Haruyan Seberang","fcode":"BA03080040","remark":"-","metadata":"METADATA_IGT_BATASDESA_2024","srs_id":"-","kdbbps":"-","kdpumdes":"63.07.01.2007","kdpumkec":"63.07.01","kdpumkab":"63.07","kdpumprov":"63","luaswh":"-","tipadm":"Desa"}},{"type":"Feature","id":10,"geometry":null,"properties":{"objectid":10,"namobj":"Teluk Mesjid","fcode":"BA03080040","remark":"-","metadata":"METADATA_IGT_BATASDESA_2024","srs_id":"-","kdbbps":"-","kdpumdes":"63.07.01.2017","kdpumkec":"63.07.01","kdpumkab":"63.07","kdpumprov":"63","luaswh":"-","tipadm":"Desa"}},{"type":"Feature","id":52,"geometry":null,"properties":{"objectid":52,"namobj":"Kias","fcode":"BA03080040","remark":"-","metadata":"METADATA_IGT_BATASDESA_2024","srs_id":"-","kdbbps":"-","kdpumdes":"63.07.07.2002","kdpumkec":"63.07.07","kdpumkab":"63.07","kdpumprov":"63","luaswh":"-","tipadm":"Desa"}},{"type":"Feature","id":25,"geometry":null,"properties":{"objectid":25,"namobj":"Pegandekan","fcode":"BA03080040","remark":"-","metadata":"METADATA_IGT_BATASDESA_2024","srs_id":"-","kdbbps":"-","kdpumdes":"33.03.01.2010","kdpumkec":"33.03.01","kdpumkab":"33.03","kdpumprov":"33","luaswh":"-","tipadm":"Desa"}},{"type":"Feature","id":26,"geometry":null,"properties":{"objectid":26,"namobj":"Kalialang","fcode":"BA03080040","remark":"-","metadata":"METADATA_IGT_BATASDESA_2024","srs_id":"-","kdbbps":"-","kdpumdes":"33.03.01.2013","kdpumkec":"33.03.01","kdpumkab":"33.03","kdpumprov":"33","luaswh":"-","tipadm":"Desa"}},{"type":"Feature","id":27,"geometry":null,"properties":{"objectid":27,"namobj":"Tidu","fcode":"BA03080040","remark":"-","metadata":"METADATA_IGT_BATASDESA_2024","srs_id":"-","kdbbps":"-","kdpumdes":"33.03.02.2001","kdpumkec":"33.03.02","kdpumkab":"33.03","kdpumprov":"33","luaswh":"-","tipadm":"Desa"}},{"type":"Feature","id":28,"geometry":null,"properties":{"objectid":28,"namobj":"Karangtengah","fcode":"BA03080040","remark":"-","metadata":"METADATA_IGT_BATASDESA_2024","srs_id":"-","kdbbps":"-","kdpumdes":"33.03.01.2014","kdpumkec":"33.03.01","kdpumkab":"33.03","kdpumprov":"33","luaswh":"-","tipadm":"Desa"}},{"type":"Feature","id":29,"geometry":null,"properties":{"objectid":29,"namobj":"Muntang","fcode":"BA03080040","remark":"-","metadata":"METADATA_IGT_BATASDESA_2024","srs_id":"-","kdbbps":"-","kdpumdes":"33.03.01.2015","kdpumkec":"33.03.01","kdpumkab":"33.03","kdpumprov":"33","luaswh":"-","tipadm":"Desa"}},{"type":"Feature","id":30,"geometry":null,"properties":{"objectid":30,"namobj":"Bakulan","fcode":"BA03080040","remark":"-","metadata":"METADATA_IGT_BATASDESA_2024","srs_id":"-","kdbbps":"-","kdpumdes":"33.03.01.2008","kdpumkec":"33.03.01","kdpumkab":"33.03","kdpumprov":"33","luaswh":"-","tipadm":"Desa"}},{"type":"Feature","id":31,"geometry":null,"properties":{"objectid":31,"namobj":"Wirasaba","fcode":"BA03080040","remark":"-","metadata":"METADATA_IGT_BATASDESA_2024","srs_id":"-","kdbbps":"-","kdpumdes":"33.03.02.2002","kdpumkec":"33.03.02","kdpumkab":"33.03","kdpumprov":"33","luaswh":"-","tipadm":"Desa"}},{"type":"Feature","id":32,"geometry":null,"properties":{"objectid":32,"namobj":"Kembangan","fcode":"BA03080040","remark":"-","metadata":"METADATA_IGT_BATASDESA_2024","srs_id":"-","kdbbps":"-","kdpumdes":"33.03.02.2003","kdpumkec":"33.03.02","kdpumkab":"33.03","kdpumprov":"33","luaswh":"-","tipadm":"Desa"}},{"type":"Feature","id":122,"geometry":null,"properties":{"objectid":122,"namobj":"Dawuhan","fcode":"BA03080040","remark":"-","metadata":"METADATA_IGT_BATASDESA_2024","srs_id":"-","kdbbps":"-","kdpumdes":"33.03.15.2007","kdpumkec":"33.03.15","kdpumkab":"33.03","kdpumprov":"33","luaswh":"-","tipadm":"Desa"}},{"type":"Feature","id":123,"geometry":null,"properties":{"objectid":123,"namobj":"Gembong","fcode":"BA03080040","remark":"-","metadata":"METADATA_IGT_BATASDESA_2024","srs_id":"-","kdbbps":"-","kdpumdes":"33.03.14.2002","kdpumkec":"33.03.14","kdpumkab":"33.03","kdpumprov":"33","luaswh":"-","tipadm":"Desa"}},{"type":"Feature","id":11,"geometry":null,"properties":{"objectid":11,"namobj":"Barikin","fcode":"BA03080040","remark":"-","metadata":"METADATA_IGT_BATASDESA_2024","srs_id":"-","kdbbps":"-","kdpumdes":"63.07.01.2003","kdpumkec":"63.07.01","kdpumkab":"63.07","kdpumprov":"63","luaswh":"-","tipadm":"Desa"}},{"type":"Feature","id":12,"geometry":null,"properties":{"objectid":12,"namobj":"Andang","fcode":"BA03080040","remark":"-","metadata":"METADATA_IGT_BATASDESA_2024","srs_id":"-","kdbbps":"-","kdpumdes":"63.07.01.2004","kdpumkec":"63.07.01","kdpumkab":"63.07","kdpumprov":"63","luaswh":"-","tipadm":"Desa"}},{"type":"Feature","id":13,"geometry":null,"properties":{"objectid":13,"namobj":"Pengambau Hilir Dalam","fcode":"BA03080040","remark":"-","metadata":"METADATA_IGT_BATASDESA_2024","srs_id":"-","kdbbps":"-","kdpumdes":"63.07.01.2005","kdpumkec":"63.07.01","kdpumkab":"63.07","kdpumprov":"63","luaswh":"-","tipadm":"Desa"}},{"type":"Feature","id":53,"geometry":null,"properties":{"objectid":53,"namobj":"Lok Basar","fcode":"BA03080040","remark":"-","metadata":"METADATA_IGT_BATASDESA_2024","srs_id":"-","kdbbps":"-","kdpumdes":"63.07.07.2006","kdpumkec":"63.07.07","kdpumkab":"63.07","kdpumprov":"63","luaswh":"-","tipadm":"Desa"}},{"type":"Feature","id":8,"geometry":null,"properties":{"objectid":8,"namobj":"Sungai Ayak Dua","fcode":"BA03080040","remark":"-","metadata":"METADATA_IGT_BATASDESA_2024","srs_id":"-","kdbbps":"-","kdpumdes":"61.09.05.2002","kdpumkec":"61.09.05","kdpumkab":"61.09","kdpumprov":"61","luaswh":"-","tipadm":"Desa"}},{"type":"Feature","id":54,"geometry":null,"properties":{"objectid":54,"namobj":"Tembuk Bahalang","fcode":"BA03080040","remark":"-","metadata":"METADATA_IGT_BATASDESA_2024","srs_id":"-","kdbbps":"-","kdpumdes":"63.07.07.2004","kdpumkec":"63.07.07","kdpumkab":"63.07","kdpumprov":"63","luaswh":"-","tipadm":"Desa"}},{"type":"Feature","id":66,"geometry":null,"properties":{"objectid":66,"namobj":"Wawai Gardu","fcode":"BA03080040","remark":"-","metadata":"METADATA_IGT_BATASDESA_2024","srs_id":"-","kdbbps":"-","kdpumdes":"63.07.07.2012","kdpumkec":"63.07.07","kdpumkab":"63.07","kdpumprov":"63","luaswh":"-","tipadm":"Desa"}},{"type":"Feature","id":13,"geometry":null,"properties":{"objectid":13,"namobj":"Tapang Pulau","fcode":"BA03080040","remark":"-","metadata":"METADATA_IGT_BATASDESA_2024","srs_id":"-","kdbbps":"-","kdpumdes":"61.09.05.2004","kdpumkec":"61.09.05","kdpumkab":"61.09","kdpumprov":"61","luaswh":"-","tipadm":"Desa"}},{"type":"Feature","id":33,"geometry":null,"properties":{"objectid":33,"namobj":"Jompo","fcode":"BA03080040","remark":"-","metadata":"METADATA_IGT_BATASDESA_2024","srs_id":"-","kdbbps":"-","kdpumdes":"33.03.06.2001","kdpumkec":"33.03.06","kdpumkab":"33.03","kdpumprov":"33","luaswh":"-","tipadm":"Desa"}},{"type":"Feature","id":34,"geometry":null,"properties":{"objectid":34,"namobj":"Karangkemiri","fcode":"BA03080040","remark":"-","metadata":"METADATA_IGT_BATASDESA_2024","srs_id":"-","kdbbps":"-","kdpumdes":"33.03.01.2009","kdpumkec":"33.03.01","kdpumkab":"33.03","kdpumprov":"33","luaswh":"-","tipadm":"Desa"}},{"type":"Feature","id":35,"geometry":null,"properties":{"objectid":35,"namobj":"Karanggedang","fcode":"BA03080040","remark":"-","metadata":"METADATA_IGT_BATASDESA_2024","srs_id":"-","kdbbps":"-","kdpumdes":"33.03.02.2006","kdpumkec":"33.03.02","kdpumkab":"33.03","kdpumprov":"33","luaswh":"-","tipadm":"Desa"}},{"type":"Feature","id":124,"geometry":null,"properties":{"objectid":124,"namobj":"Munjul","fcode":"BA03080040","remark":"-","metadata":"METADATA_IGT_BATASDESA_2024","srs_id":"-","kdbbps":"-","kdpumdes":"33.03.07.2002","kdpumkec":"33.03.07","kdpumkab":"33.03","kdpumprov":"33","luaswh":"-","tipadm":"Desa"}},{"type":"Feature","id":125,"geometry":null,"properties":{"objectid":125,"namobj":"Karanggambas","fcode":"BA03080040","remark":"-","metadata":"METADATA_IGT_BATASDESA_2024","srs_id":"-","kdbbps":"-","kdpumdes":"33.03.15.2013","kdpumkec":"33.03.15","kdpumkab":"33.03","kdpumprov":"33","luaswh":"-","tipadm":"Desa"}},{"type":"Feature","id":126,"geometry":null,"properties":{"objectid":126,"namobj":"Mipiran","fcode":"BA03080040","remark":"-","metadata":"METADATA_IGT_BATASDESA_2024","srs_id":"-","kdbbps":"-","kdpumdes":"33.03.15.2012","kdpumkec":"33.03.15","kdpumkab":"33.03","kdpumprov":"33","luaswh":"-","tipadm":"Desa"}},{"type":"Feature","id":67,"geometry":null,"properties":{"objectid":67,"namobj":"Anduhum","fcode":"BA03080040","remark":"-","metadata":"METADATA_IGT_BATASDESA_2024","srs_id":"-","kdbbps":"-","kdpumdes":"63.07.07.2017","kdpumkec":"63.07.07","kdpumkab":"63.07","kdpumprov":"63","luaswh":"-","tipadm":"Desa"}},{"type":"Feature","id":14,"geometry":null,"properties":{"objectid":14,"namobj":"Panggung","fcode":"BA03080040","remark":"-","metadata":"METADATA_IGT_BATASDESA_2024","srs_id":"-","kdbbps":"-","kdpumdes":"63.07.01.2002","kdpumkec":"63.07.01","kdpumkab":"63.07","kdpumprov":"63","luaswh":"-","tipadm":"Desa"}},{"type":"Feature","id":15,"geometry":null,"properties":{"objectid":15,"namobj":"Pengambau Hilir Luar","fcode":"BA03080040","remark":"-","metadata":"METADATA_IGT_BATASDESA_2024","srs_id":"-","kdbbps":"-","kdpumdes":"63.07.01.2001","kdpumkec":"63.07.01","kdpumkab":"63.07","kdpumprov":"63","luaswh":"-","tipadm":"Desa"}},{"type":"Feature","id":16,"geometry":null,"properties":{"objectid":16,"namobj":"Pandanu","fcode":"BA03080040","remark":"-","metadata":"METADATA_IGT_BATASDESA_2024","srs_id":"-","kdbbps":"-","kdpumdes":"63.07.01.2016","kdpumkec":"63.07.01","kdpumkab":"63.07","kdpumprov":"63","luaswh":"-","tipadm":"Desa"}},{"type":"Feature","id":17,"geometry":null,"properties":{"objectid":17,"namobj":"Haruyan","fcode":"BA03080040","remark":"-","metadata":"METADATA_IGT_BATASDESA_2024","srs_id":"-","kdbbps":"-","kdpumdes":"63.07.01.2006","kdpumkec":"63.07.01","kdpumkab":"63.07","kdpumprov":"63","luaswh":"-","tipadm":"Desa"}},{"type":"Feature","id":55,"geometry":null,"properties":{"objectid":55,"namobj":"Paya","fcode":"BA03080040","remark":"-","metadata":"METADATA_IGT_BATASDESA_2024","srs_id":"-","kdbbps":"-","kdpumdes":"63.07.07.2007","kdpumkec":"63.07.07","kdpumkab":"63.07","kdpumprov":"63","luaswh":"-","tipadm":"Desa"}},{"type":"Feature","id":56,"geometry":null,"properties":{"objectid":56,"namobj":"Lunjuk","fcode":"BA03080040","remark":"-","metadata":"METADATA_IGT_BATASDESA_2024","srs_id":"-","kdbbps":"-","kdpumdes":"63.07.07.2019","kdpumkec":"63.07.07","kdpumkab":"63.07","kdpumprov":"63","luaswh":"-","tipadm":"Desa"}},{"type":"Feature","id":36,"geometry":null,"properties":{"objectid":36,"namobj":"Cipawon","fcode":"BA03080040","remark":"-","metadata":"METADATA_IGT_BATASDESA_2024","srs_id":"-","kdbbps":"-","kdpumdes":"33.03.02.2004","kdpumkec":"33.03.02","kdpumkab":"33.03","kdpumprov":"33","luaswh":"-","tipadm":"Desa"}},{"type":"Feature","id":37,"geometry":null,"properties":{"objectid":37,"namobj":"Panican","fcode":"BA03080040","remark":"-","metadata":"METADATA_IGT_BATASDESA_2024","srs_id":"-","kdbbps":"-","kdpumdes":"33.03.01.2007","kdpumkec":"33.03.01","kdpumkab":"33.03","kdpumprov":"33","luaswh":"-","tipadm":"Desa"}},{"type":"Feature","id":38,"geometry":null,"properties":{"objectid":38,"namobj":"Rabak","fcode":"BA03080040","remark":"-","metadata":"METADATA_IGT_BATASDESA_2024","srs_id":"-","kdbbps":"-","kdpumdes":"33.03.06.2002","kdpumkec":"33.03.06","kdpumkab":"33.03","kdpumprov":"33","luaswh":"-","tipadm":"Desa"}},{"type":"Feature","id":127,"geometry":null,"properties":{"objectid":127,"namobj":"Karangklesem","fcode":"BA03080040","remark":"-","metadata":"METADATA_IGT_BATASDESA_2024","srs_id":"-","kdbbps":"-","kdpumdes":"33.03.07.2006","kdpumkec":"33.03.07","kdpumkab":"33.03","kdpumprov":"33","luaswh":"-","tipadm":"Desa"}},{"type":"Feature","id":128,"geometry":null,"properties":{"objectid":128,"namobj":"Selakambang","fcode":"BA03080040","remark":"-","metadata":"METADATA_IGT_BATASDESA_2024","srs_id":"-","kdbbps":"-","kdpumdes":"33.03.04.2006","kdpumkec":"33.03.04","kdpumkab":"33.03","kdpumprov":"33","luaswh":"-","tipadm":"Desa"}},{"type":"Feature","id":129,"geometry":null,"properties":{"objectid":129,"namobj":"Karangjoho","fcode":"BA03080040","remark":"-","metadata":"METADATA_IGT_BATASDESA_2024","srs_id":"-","kdbbps":"-","kdpumdes":"33.03.16.2005","kdpumkec":"33.03.16","kdpumkab":"33.03","kdpumprov":"33","luaswh":"-","tipadm":"Desa"}},{"type":"Feature","id":18,"geometry":null,"properties":{"objectid":18,"namobj":"Benawa Tengah","fcode":"BA03080040","remark":"-","metadata":"METADATA_IGT_BATASDESA_2024","srs_id":"-","kdbbps":"-","kdpumdes":"63.07.06.2009","kdpumkec":"63.07.06","kdpumkab":"63.07","kdpumprov":"63","luaswh":"-","tipadm":"Desa"}},{"type":"Feature","id":53,"geometry":null,"properties":{"objectid":53,"namobj":"Kalimanah Kulon","fcode":"BA03080040","remark":"-","metadata":"METADATA_IGT_BATASDESA_2024","srs_id":"-","kdbbps":"-","kdpumdes":"33.03.06.2006","kdpumkec":"33.03.06","kdpumkab":"33.03","kdpumprov":"33","luaswh":"-","tipadm":"Desa"}},{"type":"Feature","id":19,"geometry":null,"properties":{"objectid":19,"namobj":"Awang Besar","fcode":"BA03080040","remark":"-","metadata":"METADATA_IGT_BATASDESA_2024","srs_id":"-","kdbbps":"-","kdpumdes":"63.07.06.2017","kdpumkec":"63.07.06","kdpumkab":"63.07","kdpumprov":"63","luaswh":"-","tipadm":"Desa"}},{"type":"Feature","id":54,"geometry":null,"properties":{"objectid":54,"namobj":"Kutawis","fcode":"BA03080040","remark":"-","metadata":"METADATA_IGT_BATASDESA_2024","srs_id":"-","kdbbps":"-","kdpumdes":"33.03.02.2008","kdpumkec":"33.03.02","kdpumkab":"33.03","kdpumprov":"33","luaswh":"-","tipadm":"Desa"}},{"type":"Feature","id":58,"geometry":null,"properties":{"objectid":58,"namobj":"Limbar","fcode":"BA03080040","remark":"-","metadata":"METADATA_IGT_BATASDESA_2024","srs_id":"-","kdbbps":"-","kdpumdes":"63.07.07.2005","kdpumkec":"63.07.07","kdpumkab":"63.07","kdpumprov":"63","luaswh":"-","tipadm":"Desa"}},{"type":"Feature","id":43,"geometry":null,"properties":{"objectid":43,"namobj":"Penaruban","fcode":"BA03080040","remark":"-","metadata":"METADATA_IGT_BATASDESA_2024","srs_id":"-","kdbbps":"-","kdpumdes":"33.03.02.2010","kdpumkec":"33.03.02","kdpumkab":"33.03","kdpumprov":"33","luaswh":"-","tipadm":"Desa"}},{"type":"Feature","id":44,"geometry":null,"properties":{"objectid":44,"namobj":"Sidakangen","fcode":"BA03080040","remark":"-","metadata":"METADATA_IGT_BATASDESA_2024","srs_id":"-","kdbbps":"-","kdpumdes":"33.03.06.2007","kdpumkec":"33.03.06","kdpumkab":"33.03","kdpumprov":"33","luaswh":"-","tipadm":"Desa"}},{"type":"Feature","id":45,"geometry":null,"properties":{"objectid":45,"namobj":"Blater","fcode":"BA03080040","remark":"-","metadata":"METADATA_IGT_BATASDESA_2024","srs_id":"-","kdbbps":"-","kdpumdes":"33.03.06.2003","kdpumkec":"33.03.06","kdpumkab":"33.03","kdpumprov":"33","luaswh":"-","tipadm":"Desa"}},{"type":"Feature","id":131,"geometry":null,"properties":{"objectid":131,"namobj":"Slinga","fcode":"BA03080040","remark":"-","metadata":"METADATA_IGT_BATASDESA_2024","srs_id":"-","kdbbps":"-","kdpumdes":"33.03.04.2014","kdpumkec":"33.03.04","kdpumkab":"33.03","kdpumprov":"33","luaswh":"-","tipadm":"Desa"}},{"type":"Feature","id":132,"geometry":null,"properties":{"objectid":132,"namobj":"Panunggalan","fcode":"BA03080040","remark":"-","metadata":"METADATA_IGT_BATASDESA_2024","srs_id":"-","kdbbps":"-","kdpumdes":"33.03.16.2001","kdpumkec":"33.03.16","kdpumkab":"33.03","kdpumprov":"33","luaswh":"-","tipadm":"Desa"}},{"type":"Feature","id":20,"geometry":null,"properties":{"objectid":20,"namobj":"Gambah","fcode":"BA03080040","remark":"-","metadata":"METADATA_IGT_BATASDESA_2024","srs_id":"-","kdbbps":"-","kdpumdes":"63.07.06.2007","kdpumkec":"63.07.06","kdpumkab":"63.07","kdpumprov":"63","luaswh":"-","tipadm":"Desa"}},{"type":"Feature","id":21,"geometry":null,"properties":{"objectid":21,"namobj":"Kayu Bawang","fcode":"BA03080040","remark":"-","metadata":"METADATA_IGT_BATASDESA_2024","srs_id":"-","kdbbps":"-","kdpumdes":"63.07.06.2008","kdpumkec":"63.07.06","kdpumkab":"63.07","kdpumprov":"63","luaswh":"-","tipadm":"Desa"}},{"type":"Feature","id":60,"geometry":null,"properties":{"objectid":60,"namobj":"Mahela","fcode":"BA03080040","remark":"-","metadata":"METADATA_IGT_BATASDESA_2024","srs_id":"-","kdbbps":"-","kdpumdes":"63.07.07.2010","kdpumkec":"63.07.07","kdpumkab":"63.07","kdpumprov":"63","luaswh":"-","tipadm":"Desa"}},{"type":"Feature","id":61,"geometry":null,"properties":{"objectid":61,"namobj":"Rangas","fcode":"BA03080040","remark":"-","metadata":"METADATA_IGT_BATASDESA_2024","srs_id":"-","kdbbps":"-","kdpumdes":"63.07.07.2011","kdpumkec":"63.07.07","kdpumkab":"63.07","kdpumprov":"63","luaswh":"-","tipadm":"Desa"}},{"type":"Feature","id":46,"geometry":null,"properties":{"objectid":46,"namobj":"Toyareka","fcode":"BA03080040","remark":"-","metadata":"METADATA_IGT_BATASDESA_2024","srs_id":"-","kdbbps":"-","kdpumdes":"33.03.01.2017","kdpumkec":"33.03.01","kdpumkab":"33.03","kdpumprov":"33","luaswh":"-","tipadm":"Desa"}},{"type":"Feature","id":47,"geometry":null,"properties":{"objectid":47,"namobj":"Jetis","fcode":"BA03080040","remark":"-","metadata":"METADATA_IGT_BATASDESA_2024","srs_id":"-","kdbbps":"-","kdpumdes":"33.03.01.2018","kdpumkec":"33.03.01","kdpumkab":"33.03","kdpumprov":"33","luaswh":"-","tipadm":"Desa"}},{"type":"Feature","id":48,"geometry":null,"properties":{"objectid":48,"namobj":"Kedungjati","fcode":"BA03080040","remark":"-","metadata":"METADATA_IGT_BATASDESA_2024","srs_id":"-","kdbbps":"-","kdpumdes":"33.03.02.2011","kdpumkec":"33.03.02","kdpumkab":"33.03","kdpumprov":"33","luaswh":"-","tipadm":"Desa"}},{"type":"Feature","id":49,"geometry":null,"properties":{"objectid":49,"namobj":"Kebutuh","fcode":"BA03080040","remark":"-","metadata":"METADATA_IGT_BATASDESA_2024","srs_id":"-","kdbbps":"-","kdpumdes":"33.03.02.2009","kdpumkec":"33.03.02","kdpumkab":"33.03","kdpumprov":"33","luaswh":"-","tipadm":"Desa"}},{"type":"Feature","id":50,"geometry":null,"properties":{"objectid":50,"namobj":"Bajong","fcode":"BA03080040","remark":"-","metadata":"METADATA_IGT_BATASDESA_2024","srs_id":"-","kdbbps":"-","kdpumdes":"33.03.02.2014","kdpumkec":"33.03.02","kdpumkab":"33.03","kdpumprov":"33","luaswh":"-","tipadm":"Desa"}},{"type":"Feature","id":133,"geometry":null,"properties":{"objectid":133,"namobj":"Kajongan","fcode":"BA03080040","remark":"-","metadata":"METADATA_IGT_BATASDESA_2024","srs_id":"-","kdbbps":"-","kdpumdes":"33.03.14.2007","kdpumkec":"33.03.14","kdpumkab":"33.03","kdpumprov":"33","luaswh":"-","tipadm":"Desa"}},{"type":"Feature","id":134,"geometry":null,"properties":{"objectid":134,"namobj":"Sidanegara","fcode":"BA03080040","remark":"-","metadata":"METADATA_IGT_BATASDESA_2024","srs_id":"-","kdbbps":"-","kdpumdes":"33.03.04.2016","kdpumkec":"33.03.04","kdpumkab":"33.03","kdpumprov":"33","luaswh":"-","tipadm":"Desa"}},{"type":"Feature","id":135,"geometry":null,"properties":{"objectid":135,"namobj":"Arenan","fcode":"BA03080040","remark":"-","metadata":"METADATA_IGT_BATASDESA_2024","srs_id":"-","kdbbps":"-","kdpumdes":"33.03.04.2015","kdpumkec":"33.03.04","kdpumkab":"33.03","kdpumprov":"33","luaswh":"-","tipadm":"Desa"}},{"type":"Feature","id":136,"geometry":null,"properties":{"objectid":136,"namobj":"Pagerandong","fcode":"BA03080040","remark":"-","metadata":"METADATA_IGT_BATASDESA_2024","srs_id":"-","kdbbps":"-","kdpumdes":"33.03.04.2017","kdpumkec":"33.03.04","kdpumkab":"33.03","kdpumprov":"33","luaswh":"-","tipadm":"Desa"}},{"type":"Feature","id":137,"geometry":null,"properties":{"objectid":137,"namobj":"Kutasari","fcode":"BA03080040","remark":"-","metadata":"METADATA_IGT_BATASDESA_2024","srs_id":"-","kdbbps":"-","kdpumdes":"33.03.07.2005","kdpumkec":"33.03.07","kdpumkab":"33.03","kdpumprov":"33","luaswh":"-","tipadm":"Desa"}},{"type":"Feature","id":138,"geometry":null,"properties":{"objectid":138,"namobj":"Karangbanjar","fcode":"BA03080040","remark":"-","metadata":"METADATA_IGT_BATASDESA_2024","srs_id":"-","kdbbps":"-","kdpumdes":"33.03.14.2008","kdpumkec":"33.03.14","kdpumkab":"33.03","kdpumprov":"33","luaswh":"-","tipadm":"Desa"}},{"type":"Feature","id":464,"geometry":null,"properties":{"objectid":464,"namobj":"Tombrok","fcode":"BA03080040","remark":"-","metadata":"METADATA_IGT_BATASDESA_2024","srs_id":"-","kdbbps":"-","kdpumdes":"92.12.02.2005","kdpumkec":"92.12.02","kdpumkab":"92.12","kdpumprov":"92","luaswh":"-","tipadm":"Desa"}},{"type":"Feature","id":22,"geometry":null,"properties":{"objectid":22,"namobj":"Pajukungan","fcode":"BA03080040","remark":"-","metadata":"METADATA_IGT_BATASDESA_2024","srs_id":"-","kdbbps":"-","kdpumdes":"63.07.06.2011","kdpumkec":"63.07.06","kdpumkab":"63.07","kdpumprov":"63","luaswh":"-","tipadm":"Desa"}},{"type":"Feature","id":55,"geometry":null,"properties":{"objectid":55,"namobj":"Manduraga","fcode":"BA03080040","remark":"-","metadata":"METADATA_IGT_BATASDESA_2024","srs_id":"-","kdbbps":"-","kdpumdes":"33.03.06.2004","kdpumkec":"33.03.06","kdpumkab":"33.03","kdpumprov":"33","luaswh":"-","tipadm":"Desa"}},{"type":"Feature","id":29,"geometry":null,"properties":{"objectid":29,"namobj":"Banua Binjai","fcode":"BA03080040","remark":"-","metadata":"METADATA_IGT_BATASDESA_2024","srs_id":"-","kdbbps":"-","kdpumdes":"63.07.06.2013","kdpumkec":"63.07.06","kdpumkab":"63.07","kdpumprov":"63","luaswh":"-","tipadm":"Desa"}},{"type":"Feature","id":56,"geometry":null,"properties":{"objectid":56,"namobj":"Kalimanah Wetan","fcode":"BA03080040","remark":"-","metadata":"METADATA_IGT_BATASDESA_2024","srs_id":"-","kdbbps":"-","kdpumdes":"33.03.06.2009","kdpumkec":"33.03.06","kdpumkab":"33.03","kdpumprov":"33","luaswh":"-","tipadm":"Desa"}},{"type":"Feature","id":57,"geometry":null,"properties":{"objectid":57,"namobj":"Bukateja","fcode":"BA03080040","remark":"-","metadata":"METADATA_IGT_BATASDESA_2024","srs_id":"-","kdbbps":"-","kdpumdes":"33.03.02.2012","kdpumkec":"33.03.02","kdpumkab":"33.03","kdpumprov":"33","luaswh":"-","tipadm":"Desa"}},{"type":"Feature","id":30,"geometry":null,"properties":{"objectid":30,"namobj":"Banua Budi","fcode":"BA03080040","remark":"-","metadata":"METADATA_IGT_BATASDESA_2024","srs_id":"-","kdbbps":"-","kdpumdes":"63.07.06.2012","kdpumkec":"63.07.06","kdpumkab":"63.07","kdpumprov":"63","luaswh":"-","tipadm":"Desa"}},{"type":"Feature","id":62,"geometry":null,"properties":{"objectid":62,"namobj":"Birayang Timur","fcode":"BA03080040","remark":"-","metadata":"METADATA_IGT_BATASDESA_2024","srs_id":"-","kdbbps":"-","kdpumdes":"63.07.07.2014","kdpumkec":"63.07.07","kdpumkab":"63.07","kdpumprov":"63","luaswh":"-","tipadm":"Desa"}},{"type":"Feature","id":63,"geometry":null,"properties":{"objectid":63,"namobj":"Cukan Lipai","fcode":"BA03080040","remark":"-","metadata":"METADATA_IGT_BATASDESA_2024","srs_id":"-","kdbbps":"-","kdpumdes":"63.07.07.2008","kdpumkec":"63.07.07","kdpumkab":"63.07","kdpumprov":"63","luaswh":"-","tipadm":"Desa"}},{"type":"Feature","id":58,"geometry":null,"properties":{"objectid":58,"namobj":"Sokanegara","fcode":"BA03080040","remark":"-","metadata":"METADATA_IGT_BATASDESA_2024","srs_id":"-","kdbbps":"-","kdpumdes":"33.03.03.2003","kdpumkec":"33.03.03","kdpumkab":"33.03","kdpumprov":"33","luaswh":"-","tipadm":"Desa"}},{"type":"Feature","id":64,"geometry":null,"properties":{"objectid":64,"namobj":"Tanah Habang","fcode":"BA03080040","remark":"-","metadata":"METADATA_IGT_BATASDESA_2024","srs_id":"-","kdbbps":"-","kdpumdes":"63.07.07.2015","kdpumkec":"63.07.07","kdpumkab":"63.07","kdpumprov":"63","luaswh":"-","tipadm":"Desa"}},{"type":"Feature","id":51,"geometry":null,"properties":{"objectid":51,"namobj":"Karangnangka","fcode":"BA03080040","remark":"-","metadata":"METADATA_IGT_BATASDESA_2024","srs_id":"-","kdbbps":"-","kdpumdes":"33.03.02.2007","kdpumkec":"33.03.02","kdpumkab":"33.03","kdpumprov":"33","luaswh":"-","tipadm":"Desa"}},{"type":"Feature","id":52,"geometry":null,"properties":{"objectid":52,"namobj":"Karangpetir","fcode":"BA03080040","remark":"-","metadata":"METADATA_IGT_BATASDESA_2024","srs_id":"-","kdbbps":"-","kdpumdes":"33.03.06.2008","kdpumkec":"33.03.06","kdpumkab":"33.03","kdpumprov":"33","luaswh":"-","tipadm":"Desa"}},{"type":"Feature","id":144,"geometry":null,"properties":{"objectid":144,"namobj":"Beji","fcode":"BA03080040","remark":"-","metadata":"METADATA_IGT_BATASDESA_2024","srs_id":"-","kdbbps":"-","kdpumdes":"33.03.14.2009","kdpumkec":"33.03.14","kdpumkab":"33.03","kdpumprov":"33","luaswh":"-","tipadm":"Desa"}},{"type":"Feature","id":145,"geometry":null,"properties":{"objectid":145,"namobj":"Tetel","fcode":"BA03080040","remark":"-","metadata":"METADATA_IGT_BATASDESA_2024","srs_id":"-","kdbbps":"-","kdpumdes":"33.03.16.2009","kdpumkec":"33.03.16","kdpumkab":"33.03","kdpumprov":"33","luaswh":"-","tipadm":"Desa"}},{"type":"Feature","id":139,"geometry":null,"properties":{"objectid":139,"namobj":"Patemon","fcode":"BA03080040","remark":"-","metadata":"METADATA_IGT_BATASDESA_2024","srs_id":"-","kdbbps":"-","kdpumdes":"33.03.14.2005","kdpumkec":"33.03.14","kdpumkab":"33.03","kdpumprov":"33","luaswh":"-","tipadm":"Desa"}},{"type":"Feature","id":140,"geometry":null,"properties":{"objectid":140,"namobj":"Bedagas","fcode":"BA03080040","remark":"-","metadata":"METADATA_IGT_BATASDESA_2024","srs_id":"-","kdbbps":"-","kdpumdes":"33.03.16.2006","kdpumkec":"33.03.16","kdpumkab":"33.03","kdpumprov":"33","luaswh":"-","tipadm":"Desa"}},{"type":"Feature","id":68,"geometry":null,"properties":{"objectid":68,"namobj":"Wawai","fcode":"BA03080040","remark":"-","metadata":"METADATA_IGT_BATASDESA_2024","srs_id":"-","kdbbps":"-","kdpumdes":"63.07.07.2018","kdpumkec":"63.07.07","kdpumkab":"63.07","kdpumprov":"63","luaswh":"-","tipadm":"Desa"}},{"type":"Feature","id":1,"geometry":null,"properties":{"objectid":1,"namobj":"Bariwaro","fcode":"BA03080040","remark":"-","metadata":"METADATA_IGT_BATASDESA_2024","srs_id":"-","kdbbps":"-","kdpumdes":"91.20.06.2004","kdpumkec":"91.20.06","kdpumkab":"91.20","kdpumprov":"91","luaswh":"-","tipadm":"Desa"}},{"type":"Feature","id":141,"geometry":null,"properties":{"objectid":141,"namobj":"Banjaran","fcode":"BA03080040","remark":"-","metadata":"METADATA_IGT_BATASDESA_2024","srs_id":"-","kdbbps":"-","kdpumdes":"33.03.14.2004","kdpumkec":"33.03.14","kdpumkab":"33.03","kdpumprov":"33","luaswh":"-","tipadm":"Desa"}},{"type":"Feature","id":2,"geometry":null,"properties":{"objectid":2,"namobj":"Barapasi","fcode":"BA03080040","remark":"-","metadata":"METADATA_IGT_BATASDESA_2024","srs_id":"-","kdbbps":"-","kdpumdes":"91.20.06.2002","kdpumkec":"91.20.06","kdpumkab":"91.20","kdpumprov":"91","luaswh":"-","tipadm":"Desa"}},{"type":"Feature","id":3,"geometry":null,"properties":{"objectid":3,"namobj":"Marikai","fcode":"BA03080040","remark":"-","metadata":"METADATA_IGT_BATASDESA_2024","srs_id":"-","kdbbps":"-","kdpumdes":"91.20.06.2007","kdpumkec":"91.20.06","kdpumkab":"91.20","kdpumprov":"91","luaswh":"-","tipadm":"Desa"}},{"type":"Feature","id":4,"geometry":null,"properties":{"objectid":4,"namobj":"Sipisi","fcode":"BA03080040","remark":"-","metadata":"METADATA_IGT_BATASDESA_2024","srs_id":"-","kdbbps":"-","kdpumdes":"91.20.06.2003","kdpumkec":"91.20.06","kdpumkab":"91.20","kdpumprov":"91","luaswh":"-","tipadm":"Desa"}},{"type":"Feature","id":5,"geometry":null,"properties":{"objectid":5,"namobj":"Nadofoai","fcode":"BA03080040","remark":"-","metadata":"METADATA_IGT_BATASDESA_2024","srs_id":"-","kdbbps":"-","kdpumdes":"91.20.06.2001","kdpumkec":"91.20.06","kdpumkab":"91.20","kdpumprov":"91","luaswh":"-","tipadm":"Desa"}},{"type":"Feature","id":6,"geometry":null,"properties":{"objectid":6,"namobj":"Bensor","fcode":"BA03080040","remark":"-","metadata":"METADATA_IGT_BATASDESA_2024","srs_id":"-","kdbbps":"-","kdpumdes":"91.20.06.2005","kdpumkec":"91.20.06","kdpumkab":"91.20","kdpumprov":"91","luaswh":"-","tipadm":"Desa"}},{"type":"Feature","id":31,"geometry":null,"properties":{"objectid":31,"namobj":"Mandingin","fcode":"BA03080040","remark":"-","metadata":"METADATA_IGT_BATASDESA_2024","srs_id":"-","kdbbps":"-","kdpumdes":"63.07.06.2010","kdpumkec":"63.07.06","kdpumkab":"63.07","kdpumprov":"63","luaswh":"-","tipadm":"Desa"}},{"type":"Feature","id":32,"geometry":null,"properties":{"objectid":32,"namobj":"Banua Jingah","fcode":"BA03080040","remark":"-","metadata":"METADATA_IGT_BATASDESA_2024","srs_id":"-","kdbbps":"-","kdpumdes":"63.07.06.2014","kdpumkec":"63.07.06","kdpumkab":"63.07","kdpumprov":"63","luaswh":"-","tipadm":"Desa"}},{"type":"Feature","id":59,"geometry":null,"properties":{"objectid":59,"namobj":"Karangsari","fcode":"BA03080040","remark":"-","metadata":"METADATA_IGT_BATASDESA_2024","srs_id":"-","kdbbps":"-","kdpumdes":"33.03.06.2005","kdpumkec":"33.03.06","kdpumkab":"33.03","kdpumprov":"33","luaswh":"-","tipadm":"Desa"}},{"type":"Feature","id":60,"geometry":null,"properties":{"objectid":60,"namobj":"Grecol","fcode":"BA03080040","remark":"-","metadata":"METADATA_IGT_BATASDESA_2024","srs_id":"-","kdbbps":"-","kdpumdes":"33.03.06.2010","kdpumkec":"33.03.06","kdpumkab":"33.03","kdpumprov":"33","luaswh":"-","tipadm":"Desa"}},{"type":"Feature","id":65,"geometry":null,"properties":{"objectid":65,"namobj":"Labuhan","fcode":"BA03080040","remark":"-","metadata":"METADATA_IGT_BATASDESA_2024","srs_id":"-","kdbbps":"-","kdpumdes":"63.07.07.2013","kdpumkec":"63.07.07","kdpumkab":"63.07","kdpumprov":"63","luaswh":"-","tipadm":"Desa"}},{"type":"Feature","id":61,"geometry":null,"properties":{"objectid":61,"namobj":"Toyareja","fcode":"BA03080040","remark":"-","metadata":"METADATA_IGT_BATASDESA_2024","srs_id":"-","kdbbps":"-","kdpumdes":"33.03.05.2002","kdpumkec":"33.03.05","kdpumkab":"33.03","kdpumprov":"33","luaswh":"-","tipadm":"Desa"}},{"type":"Feature","id":142,"geometry":null,"properties":{"objectid":142,"namobj":"Limbangan","fcode":"BA03080040","remark":"-","metadata":"METADATA_IGT_BATASDESA_2024","srs_id":"-","kdbbps":"-","kdpumdes":"33.03.07.2009","kdpumkec":"33.03.07","kdpumkab":"33.03","kdpumprov":"33","luaswh":"-","tipadm":"Desa"}},{"type":"Feature","id":143,"geometry":null,"properties":{"objectid":143,"namobj":"Karangreja","fcode":"BA03080040","remark":"-","metadata":"METADATA_IGT_BATASDESA_2024","srs_id":"-","kdbbps":"-","kdpumdes":"33.03.07.2007","kdpumkec":"33.03.07","kdpumkab":"33.03","kdpumprov":"33","luaswh":"-","tipadm":"Desa"}},{"type":"Feature","id":25,"geometry":null,"properties":{"objectid":25,"namobj":"Biri","fcode":"BA03080040","remark":"-","metadata":"METADATA_IGT_BATASDESA_2024","srs_id":"-","kdbbps":"-","kdpumdes":"91.20.04.2004","kdpumkec":"91.20.04","kdpumkab":"91.20","kdpumprov":"91","luaswh":"-","tipadm":"Desa"}},{"type":"Feature","id":26,"geometry":null,"properties":{"objectid":26,"namobj":"Wakeyadi","fcode":"BA03080040","remark":"-","metadata":"METADATA_IGT_BATASDESA_2024","srs_id":"-","kdbbps":"-","kdpumdes":"91.20.04.2005","kdpumkec":"91.20.04","kdpumkab":"91.20","kdpumprov":"91","luaswh":"-","tipadm":"Desa"}},{"type":"Feature","id":27,"geometry":null,"properties":{"objectid":27,"namobj":"Noyadi","fcode":"BA03080040","remark":"-","metadata":"METADATA_IGT_BATASDESA_2024","srs_id":"-","kdbbps":"-","kdpumdes":"91.20.04.2002","kdpumkec":"91.20.04","kdpumkab":"91.20","kdpumprov":"91","luaswh":"-","tipadm":"Desa"}},{"type":"Feature","id":33,"geometry":null,"properties":{"objectid":33,"namobj":"Bakapas","fcode":"BA03080040","remark":"-","metadata":"METADATA_IGT_BATASDESA_2024","srs_id":"-","kdbbps":"-","kdpumdes":"63.07.06.2018","kdpumkec":"63.07.06","kdpumkab":"63.07","kdpumprov":"63","luaswh":"-","tipadm":"Desa"}},{"type":"Feature","id":37,"geometry":null,"properties":{"objectid":37,"namobj":"Murung A.","fcode":"BA03080040","remark":"-","metadata":"METADATA_IGT_BATASDESA_2024","srs_id":"-","kdbbps":"-","kdpumdes":"63.07.02.2001","kdpumkec":"63.07.02","kdpumkab":"63.07","kdpumprov":"63","luaswh":"-","tipadm":"Desa"}},{"type":"Feature","id":34,"geometry":null,"properties":{"objectid":34,"namobj":"Babai","fcode":"BA03080040","remark":"-","metadata":"METADATA_IGT_BATASDESA_2024","srs_id":"-","kdbbps":"-","kdpumdes":"63.07.06.2016","kdpumkec":"63.07.06","kdpumkab":"63.07","kdpumprov":"63","luaswh":"-","tipadm":"Desa"}},{"type":"Feature","id":38,"geometry":null,"properties":{"objectid":38,"namobj":"Baru","fcode":"BA03080040","remark":"-","metadata":"METADATA_IGT_BATASDESA_2024","srs_id":"-","kdbbps":"-","kdpumdes":"63.07.02.2011","kdpumkec":"63.07.02","kdpumkab":"63.07","kdpumprov":"63","luaswh":"-","tipadm":"Desa"}},{"type":"Feature","id":7,"geometry":null,"properties":{"objectid":7,"namobj":"Dadat","fcode":"BA03080040","remark":"-","metadata":"METADATA_IGT_BATASDESA_2024","srs_id":"-","kdbbps":"-","kdpumdes":"91.20.07.2002","kdpumkec":"91.20.07","kdpumkab":"91.20","kdpumprov":"91","luaswh":"-","tipadm":"Desa"}},{"type":"Feature","id":8,"geometry":null,"properties":{"objectid":8,"namobj":"Kerema","fcode":"BA03080040","remark":"-","metadata":"METADATA_IGT_BATASDESA_2024","srs_id":"-","kdbbps":"-","kdpumdes":"91.20.07.2003","kdpumkec":"91.20.07","kdpumkab":"91.20","kdpumprov":"91","luaswh":"-","tipadm":"Desa"}},{"type":"Feature","id":64,"geometry":null,"properties":{"objectid":64,"namobj":"Selabaya","fcode":"BA03080040","remark":"-","metadata":"METADATA_IGT_BATASDESA_2024","srs_id":"-","kdbbps":"-","kdpumdes":"33.03.06.2014","kdpumkec":"33.03.06","kdpumkab":"33.03","kdpumprov":"33","luaswh":"-","tipadm":"Desa"}},{"type":"Feature","id":39,"geometry":null,"properties":{"objectid":39,"namobj":"Pagat","fcode":"BA03080040","remark":"-","metadata":"METADATA_IGT_BATASDESA_2024","srs_id":"-","kdbbps":"-","kdpumdes":"63.07.02.2002","kdpumkec":"63.07.02","kdpumkab":"63.07","kdpumprov":"63","luaswh":"-","tipadm":"Desa"}},{"type":"Feature","id":146,"geometry":null,"properties":{"objectid":146,"namobj":"Sindang","fcode":"BA03080040","remark":"-","metadata":"METADATA_IGT_BATASDESA_2024","srs_id":"-","kdbbps":"-","kdpumdes":"33.03.08.2003","kdpumkec":"33.03.08","kdpumkab":"33.03","kdpumprov":"33","luaswh":"-","tipadm":"Desa"}},{"type":"Feature","id":147,"geometry":null,"properties":{"objectid":147,"namobj":"Sidareja","fcode":"BA03080040","remark":"-","metadata":"METADATA_IGT_BATASDESA_2024","srs_id":"-","kdbbps":"-","kdpumdes":"33.03.04.2018","kdpumkec":"33.03.04","kdpumkab":"33.03","kdpumprov":"33","luaswh":"-","tipadm":"Desa"}},{"type":"Feature","id":156,"geometry":null,"properties":{"objectid":156,"namobj":"Mergasana","fcode":"BA03080040","remark":"-","metadata":"METADATA_IGT_BATASDESA_2024","srs_id":"-","kdbbps":"-","kdpumdes":"33.03.18.2011","kdpumkec":"33.03.18","kdpumkab":"33.03","kdpumprov":"33","luaswh":"-","tipadm":"Desa"}},{"type":"Feature","id":148,"geometry":null,"properties":{"objectid":148,"namobj":"Bojongsari","fcode":"BA03080040","remark":"-","metadata":"METADATA_IGT_BATASDESA_2024","srs_id":"-","kdbbps":"-","kdpumdes":"33.03.14.2006","kdpumkec":"33.03.14","kdpumkab":"33.03","kdpumprov":"33","luaswh":"-","tipadm":"Desa"}},{"type":"Feature","id":149,"geometry":null,"properties":{"objectid":149,"namobj":"Tegalpingen","fcode":"BA03080040","remark":"-","metadata":"METADATA_IGT_BATASDESA_2024","srs_id":"-","kdbbps":"-","kdpumdes":"33.03.16.2008","kdpumkec":"33.03.16","kdpumkab":"33.03","kdpumprov":"33","luaswh":"-","tipadm":"Desa"}},{"type":"Feature","id":150,"geometry":null,"properties":{"objectid":150,"namobj":"Tumanggal","fcode":"BA03080040","remark":"-","metadata":"METADATA_IGT_BATASDESA_2024","srs_id":"-","kdbbps":"-","kdpumdes":"33.03.16.2007","kdpumkec":"33.03.16","kdpumkab":"33.03","kdpumprov":"33","luaswh":"-","tipadm":"Desa"}},{"type":"Feature","id":151,"geometry":null,"properties":{"objectid":151,"namobj":"Meri","fcode":"BA03080040","remark":"-","metadata":"METADATA_IGT_BATASDESA_2024","srs_id":"-","kdbbps":"-","kdpumdes":"33.03.07.2004","kdpumkec":"33.03.07","kdpumkab":"33.03","kdpumprov":"33","luaswh":"-","tipadm":"Desa"}},{"type":"Feature","id":35,"geometry":null,"properties":{"objectid":35,"namobj":"Ayuang","fcode":"BA03080040","remark":"-","metadata":"METADATA_IGT_BATASDESA_2024","srs_id":"-","kdbbps":"-","kdpumdes":"63.07.06.2015","kdpumkec":"63.07.06","kdpumkab":"63.07","kdpumprov":"63","luaswh":"-","tipadm":"Desa"}},{"type":"Feature","id":1082,"geometry":null,"properties":{"objectid":1082,"namobj":"Sari Galuh","fcode":"BA03070040","remark":"-","metadata":"METADATA_IGT_BATASDESA_2024","srs_id":"-","kdbbps":"-","kdpumdes":"14.01.10.2010","kdpumkec":"14.01.10","kdpumkab":"14.01","kdpumprov":"14","luaswh":"-","tipadm":"Desa"}},{"type":"Feature","id":36,"geometry":null,"properties":{"objectid":36,"namobj":"Pantai Batung","fcode":"BA03080040","remark":"-","metadata":"METADATA_IGT_BATASDESA_2024","srs_id":"-","kdbbps":"-","kdpumdes":"63.07.02.2013","kdpumkec":"63.07.02","kdpumkab":"63.07","kdpumprov":"63","luaswh":"-","tipadm":"Desa"}},{"type":"Feature","id":9,"geometry":null,"properties":{"objectid":9,"namobj":"Gesa Baru","fcode":"BA03080040","remark":"-","metadata":"METADATA_IGT_BATASDESA_2024","srs_id":"-","kdbbps":"-","kdpumdes":"91.20.07.2007","kdpumkec":"91.20.07","kdpumkab":"91.20","kdpumprov":"91","luaswh":"-","tipadm":"Desa"}},{"type":"Feature","id":10,"geometry":null,"properties":{"objectid":10,"namobj":"Watiaro","fcode":"BA03080040","remark":"-","metadata":"METADATA_IGT_BATASDESA_2024","srs_id":"-","kdbbps":"-","kdpumdes":"91.20.07.2006","kdpumkec":"91.20.07","kdpumkab":"91.20","kdpumprov":"91","luaswh":"-","tipadm":"Desa"}},{"type":"Feature","id":11,"geometry":null,"properties":{"objectid":11,"namobj":"Baitanisa","fcode":"BA03080040","remark":"-","metadata":"METADATA_IGT_BATASDESA_2024","srs_id":"-","kdbbps":"-","kdpumdes":"91.20.07.2008","kdpumkec":"91.20.07","kdpumkab":"91.20","kdpumprov":"91","luaswh":"-","tipadm":"Desa"}},{"type":"Feature","id":12,"geometry":null,"properties":{"objectid":12,"namobj":"Bonoi","fcode":"BA03080040","remark":"-","metadata":"METADATA_IGT_BATASDESA_2024","srs_id":"-","kdbbps":"-","kdpumdes":"91.20.08.2003","kdpumkec":"91.20.08","kdpumkab":"91.20","kdpumprov":"91","luaswh":"-","tipadm":"Desa"}},{"type":"Feature","id":13,"geometry":null,"properties":{"objectid":13,"namobj":"Sorabi","fcode":"BA03080040","remark":"-","metadata":"METADATA_IGT_BATASDESA_2024","srs_id":"-","kdbbps":"-","kdpumdes":"91.20.08.2004","kdpumkec":"91.20.08","kdpumkab":"91.20","kdpumprov":"91","luaswh":"-","tipadm":"Desa"}},{"type":"Feature","id":14,"geometry":null,"properties":{"objectid":14,"namobj":"Poiwai","fcode":"BA03080040","remark":"-","metadata":"METADATA_IGT_BATASDESA_2024","srs_id":"-","kdbbps":"-","kdpumdes":"91.20.08.2001","kdpumkec":"91.20.08","kdpumkab":"91.20","kdpumprov":"91","luaswh":"-","tipadm":"Desa"}},{"type":"Feature","id":15,"geometry":null,"properties":{"objectid":15,"namobj":"Rapamerei","fcode":"BA03080040","remark":"-","metadata":"METADATA_IGT_BATASDESA_2024","srs_id":"-","kdbbps":"-","kdpumdes":"91.20.08.2005","kdpumkec":"91.20.08","kdpumkab":"91.20","kdpumprov":"91","luaswh":"-","tipadm":"Desa"}},{"type":"Feature","id":16,"geometry":null,"properties":{"objectid":16,"namobj":"Anasi","fcode":"BA03080040","remark":"-","metadata":"METADATA_IGT_BATASDESA_2024","srs_id":"-","kdbbps":"-","kdpumdes":"91.20.08.2006","kdpumkec":"91.20.08","kdpumkab":"91.20","kdpumprov":"91","luaswh":"-","tipadm":"Desa"}},{"type":"Feature","id":17,"geometry":null,"properties":{"objectid":17,"namobj":"Tamakuri","fcode":"BA03080040","remark":"-","metadata":"METADATA_IGT_BATASDESA_2024","srs_id":"-","kdbbps":"-","kdpumdes":"91.20.08.2002","kdpumkec":"91.20.08","kdpumkab":"91.20","kdpumprov":"91","luaswh":"-","tipadm":"Desa"}},{"type":"Feature","id":18,"geometry":null,"properties":{"objectid":18,"namobj":"Trimuris","fcode":"BA03080040","remark":"-","metadata":"METADATA_IGT_BATASDESA_2024","srs_id":"-","kdbbps":"-","kdpumdes":"91.20.05.2002","kdpumkec":"91.20.05","kdpumkab":"91.20","kdpumprov":"91","luaswh":"-","tipadm":"Desa"}},{"type":"Feature","id":19,"geometry":null,"properties":{"objectid":19,"namobj":"Suaseso","fcode":"BA03080040","remark":"-","metadata":"METADATA_IGT_BATASDESA_2024","srs_id":"-","kdbbps":"-","kdpumdes":"91.20.05.2005","kdpumkec":"91.20.05","kdpumkab":"91.20","kdpumprov":"91","luaswh":"-","tipadm":"Desa"}},{"type":"Feature","id":20,"geometry":null,"properties":{"objectid":20,"namobj":"Bagusa","fcode":"BA03080040","remark":"-","metadata":"METADATA_IGT_BATASDESA_2024","srs_id":"-","kdbbps":"-","kdpumdes":"91.20.05.2003","kdpumkec":"91.20.05","kdpumkab":"91.20","kdpumprov":"91","luaswh":"-","tipadm":"Desa"}},{"type":"Feature","id":21,"geometry":null,"properties":{"objectid":21,"namobj":"Warembori","fcode":"BA03080040","remark":"-","metadata":"METADATA_IGT_BATASDESA_2024","srs_id":"-","kdbbps":"-","kdpumdes":"91.20.05.2006","kdpumkec":"91.20.05","kdpumkab":"91.20","kdpumprov":"91","luaswh":"-","tipadm":"Desa"}},{"type":"Feature","id":22,"geometry":null,"properties":{"objectid":22,"namobj":"Eri","fcode":"BA03080040","remark":"-","metadata":"METADATA_IGT_BATASDESA_2024","srs_id":"-","kdbbps":"-","kdpumdes":"91.20.04.2006","kdpumkec":"91.20.04","kdpumkab":"91.20","kdpumprov":"91","luaswh":"-","tipadm":"Desa"}},{"type":"Feature","id":23,"geometry":null,"properties":{"objectid":23,"namobj":"Kustra","fcode":"BA03080040","remark":"-","metadata":"METADATA_IGT_BATASDESA_2024","srs_id":"-","kdbbps":"-","kdpumdes":"91.20.04.2001","kdpumkec":"91.20.04","kdpumkab":"91.20","kdpumprov":"91","luaswh":"-","tipadm":"Desa"}},{"type":"Feature","id":24,"geometry":null,"properties":{"objectid":24,"namobj":"Towao","fcode":"BA03080040","remark":"-","metadata":"METADATA_IGT_BATASDESA_2024","srs_id":"-","kdbbps":"-","kdpumdes":"91.20.04.2007","kdpumkec":"91.20.04","kdpumkab":"91.20","kdpumprov":"91","luaswh":"-","tipadm":"Desa"}},{"type":"Feature","id":65,"geometry":null,"properties":{"objectid":65,"namobj":"Lamongan","fcode":"BA03080040","remark":"-","metadata":"METADATA_IGT_BATASDESA_2024","srs_id":"-","kdbbps":"-","kdpumdes":"33.03.04.2001","kdpumkec":"33.03.04","kdpumkab":"33.03","kdpumprov":"33","luaswh":"-","tipadm":"Desa"}},{"type":"Feature","id":66,"geometry":null,"properties":{"objectid":66,"namobj":"Lamuk","fcode":"BA03080040","remark":"-","metadata":"METADATA_IGT_BATASDESA_2024","srs_id":"-","kdbbps":"-","kdpumdes":"33.03.03.2002","kdpumkec":"33.03.03","kdpumkab":"33.03","kdpumprov":"33","luaswh":"-","tipadm":"Desa"}},{"type":"Feature","id":67,"geometry":null,"properties":{"objectid":67,"namobj":"Krenceng","fcode":"BA03080040","remark":"-","metadata":"METADATA_IGT_BATASDESA_2024","srs_id":"-","kdbbps":"-","kdpumdes":"33.03.03.2005","kdpumkec":"33.03.03","kdpumkab":"33.03","kdpumprov":"33","luaswh":"-","tipadm":"Desa"}},{"type":"Feature","id":70,"geometry":null,"properties":{"objectid":70,"namobj":"Tejasari","fcode":"BA03080040","remark":"-","metadata":"METADATA_IGT_BATASDESA_2024","srs_id":"-","kdbbps":"-","kdpumdes":"33.03.04.2002","kdpumkec":"33.03.04","kdpumkab":"33.03","kdpumprov":"33","luaswh":"-","tipadm":"Desa"}},{"type":"Feature","id":71,"geometry":null,"properties":{"objectid":71,"namobj":"Pandansari","fcode":"BA03080040","remark":"-","metadata":"METADATA_IGT_BATASDESA_2024","srs_id":"-","kdbbps":"-","kdpumdes":"33.03.03.2007","kdpumkec":"33.03.03","kdpumkab":"33.03","kdpumprov":"33","luaswh":"-","tipadm":"Desa"}},{"type":"Feature","id":1083,"geometry":null,"properties":{"objectid":1083,"namobj":"Pelambaian","fcode":"BA03070040","remark":"-","metadata":"METADATA_IGT_BATASDESA_2024","srs_id":"-","kdbbps":"-","kdpumdes":"14.01.10.2016","kdpumkec":"14.01.10","kdpumkab":"14.01","kdpumprov":"14","luaswh":"-","tipadm":"Desa"}},{"type":"Feature","id":152,"geometry":null,"properties":{"objectid":152,"namobj":"Karangturi","fcode":"BA03080040","remark":"-","metadata":"METADATA_IGT_BATASDESA_2024","srs_id":"-","kdbbps":"-","kdpumdes":"33.03.08.2001","kdpumkec":"33.03.08","kdpumkab":"33.03","kdpumprov":"33","luaswh":"-","tipadm":"Desa"}},{"type":"Feature","id":1087,"geometry":null,"properties":{"objectid":1087,"namobj":"Indrapuri","fcode":"BA03070040","remark":"-","metadata":"METADATA_IGT_BATASDESA_2024","srs_id":"-","kdbbps":"-","kdpumdes":"14.01.10.2018","kdpumkec":"14.01.10","kdpumkab":"14.01","kdpumprov":"14","luaswh":"-","tipadm":"Desa"}},{"type":"Feature","id":153,"geometry":null,"properties":{"objectid":153,"namobj":"Sumingkir","fcode":"BA03080040","remark":"-","metadata":"METADATA_IGT_BATASDESA_2024","srs_id":"-","kdbbps":"-","kdpumdes":"33.03.07.2003","kdpumkec":"33.03.07","kdpumkab":"33.03","kdpumprov":"33","luaswh":"-","tipadm":"Desa"}},{"type":"Feature","id":154,"geometry":null,"properties":{"objectid":154,"namobj":"Wlahar","fcode":"BA03080040","remark":"-","metadata":"METADATA_IGT_BATASDESA_2024","srs_id":"-","kdbbps":"-","kdpumdes":"33.03.13.2001","kdpumkec":"33.03.13","kdpumkab":"33.03","kdpumprov":"33","luaswh":"-","tipadm":"Desa"}},{"type":"Feature","id":40,"geometry":null,"properties":{"objectid":40,"namobj":"Aluan Mati","fcode":"BA03080040","remark":"-","metadata":"METADATA_IGT_BATASDESA_2024","srs_id":"-","kdbbps":"-","kdpumdes":"63.07.02.2010","kdpumkec":"63.07.02","kdpumkab":"63.07","kdpumprov":"63","luaswh":"-","tipadm":"Desa"}},{"type":"Feature","id":28,"geometry":null,"properties":{"objectid":28,"namobj":"Obogoi","fcode":"BA03080040","remark":"-","metadata":"METADATA_IGT_BATASDESA_2024","srs_id":"-","kdbbps":"-","kdpumdes":"91.20.04.2003","kdpumkec":"91.20.04","kdpumkab":"91.20","kdpumprov":"91","luaswh":"-","tipadm":"Desa"}},{"type":"Feature","id":29,"geometry":null,"properties":{"objectid":29,"namobj":"Namunaweja","fcode":"BA03080040","remark":"-","metadata":"METADATA_IGT_BATASDESA_2024","srs_id":"-","kdbbps":"-","kdpumdes":"91.20.01.2005","kdpumkec":"91.20.01","kdpumkab":"91.20","kdpumprov":"91","luaswh":"-","tipadm":"Desa"}},{"type":"Feature","id":30,"geometry":null,"properties":{"objectid":30,"namobj":"Anggreso","fcode":"BA03080040","remark":"-","metadata":"METADATA_IGT_BATASDESA_2024","srs_id":"-","kdbbps":"-","kdpumdes":"91.20.01.2002","kdpumkec":"91.20.01","kdpumkab":"91.20","kdpumprov":"91","luaswh":"-","tipadm":"Desa"}},{"type":"Feature","id":31,"geometry":null,"properties":{"objectid":31,"namobj":"Kasonaweja","fcode":"BA03080040","remark":"-","metadata":"METADATA_IGT_BATASDESA_2024","srs_id":"-","kdbbps":"-","kdpumdes":"91.20.01.2003","kdpumkec":"91.20.01","kdpumkab":"91.20","kdpumprov":"91","luaswh":"-","tipadm":"Desa"}},{"type":"Feature","id":32,"geometry":null,"properties":{"objectid":32,"namobj":"Muru Mare","fcode":"BA03080040","remark":"-","metadata":"METADATA_IGT_BATASDESA_2024","srs_id":"-","kdbbps":"-","kdpumdes":"91.20.01.2007","kdpumkec":"91.20.01","kdpumkab":"91.20","kdpumprov":"91","luaswh":"-","tipadm":"Desa"}},{"type":"Feature","id":33,"geometry":null,"properties":{"objectid":33,"namobj":"Marina Valen","fcode":"BA03080040","remark":"-","metadata":"METADATA_IGT_BATASDESA_2024","srs_id":"-","kdbbps":"-","kdpumdes":"91.20.01.2011","kdpumkec":"91.20.01","kdpumkab":"91.20","kdpumprov":"91","luaswh":"-","tipadm":"Desa"}},{"type":"Feature","id":34,"geometry":null,"properties":{"objectid":34,"namobj":"Danau Bira","fcode":"BA03080040","remark":"-","metadata":"METADATA_IGT_BATASDESA_2024","srs_id":"-","kdbbps":"-","kdpumdes":"91.20.01.2006","kdpumkec":"91.20.01","kdpumkab":"91.20","kdpumprov":"91","luaswh":"-","tipadm":"Desa"}},{"type":"Feature","id":35,"geometry":null,"properties":{"objectid":35,"namobj":"Burmeso","fcode":"BA03080040","remark":"-","metadata":"METADATA_IGT_BATASDESA_2024","srs_id":"-","kdbbps":"-","kdpumdes":"91.20.01.2001","kdpumkec":"91.20.01","kdpumkab":"91.20","kdpumprov":"91","luaswh":"-","tipadm":"Desa"}},{"type":"Feature","id":36,"geometry":null,"properties":{"objectid":36,"namobj":"Haya","fcode":"BA03080040","remark":"-","metadata":"METADATA_IGT_BATASDESA_2024","srs_id":"-","kdbbps":"-","kdpumdes":"91.20.03.2007","kdpumkec":"91.20.03","kdpumkab":"91.20","kdpumprov":"91","luaswh":"-","tipadm":"Desa"}},{"type":"Feature","id":37,"geometry":null,"properties":{"objectid":37,"namobj":"Papasena II","fcode":"BA03080040","remark":"-","metadata":"METADATA_IGT_BATASDESA_2024","srs_id":"-","kdbbps":"-","kdpumdes":"91.20.02.2005","kdpumkec":"91.20.02","kdpumkab":"91.20","kdpumprov":"91","luaswh":"-","tipadm":"Desa"}},{"type":"Feature","id":38,"geometry":null,"properties":{"objectid":38,"namobj":"Teuw","fcode":"BA03080040","remark":"-","metadata":"METADATA_IGT_BATASDESA_2024","srs_id":"-","kdbbps":"-","kdpumdes":"91.20.07.2005","kdpumkec":"91.20.07","kdpumkab":"91.20","kdpumprov":"91","luaswh":"-","tipadm":"Desa"}},{"type":"Feature","id":39,"geometry":null,"properties":{"objectid":39,"namobj":"Kamai","fcode":"BA03080040","remark":"-","metadata":"METADATA_IGT_BATASDESA_2024","srs_id":"-","kdbbps":"-","kdpumdes":"91.20.07.2001","kdpumkec":"91.20.07","kdpumkab":"91.20","kdpumprov":"91","luaswh":"-","tipadm":"Desa"}},{"type":"Feature","id":40,"geometry":null,"properties":{"objectid":40,"namobj":"Baudi","fcode":"BA03080040","remark":"-","metadata":"METADATA_IGT_BATASDESA_2024","srs_id":"-","kdbbps":"-","kdpumdes":"91.20.05.2001","kdpumkec":"91.20.05","kdpumkab":"91.20","kdpumprov":"91","luaswh":"-","tipadm":"Desa"}},{"type":"Feature","id":42,"geometry":null,"properties":{"objectid":42,"namobj":"Yoke","fcode":"BA03080040","remark":"-","metadata":"METADATA_IGT_BATASDESA_2024","srs_id":"-","kdbbps":"-","kdpumdes":"91.20.05.2007","kdpumkec":"91.20.05","kdpumkab":"91.20","kdpumprov":"91","luaswh":"-","tipadm":"Desa"}},{"type":"Feature","id":43,"geometry":null,"properties":{"objectid":43,"namobj":"Kapeso","fcode":"BA03080040","remark":"-","metadata":"METADATA_IGT_BATASDESA_2024","srs_id":"-","kdbbps":"-","kdpumdes":"91.20.05.2004","kdpumkec":"91.20.05","kdpumkab":"91.20","kdpumprov":"91","luaswh":"-","tipadm":"Desa"}},{"type":"Feature","id":44,"geometry":null,"properties":{"objectid":44,"namobj":"Sasakwesar","fcode":"BA03080040","remark":"-","metadata":"METADATA_IGT_BATASDESA_2024","srs_id":"-","kdbbps":"-","kdpumdes":"91.20.01.2009","kdpumkec":"91.20.01","kdpumkab":"91.20","kdpumprov":"91","luaswh":"-","tipadm":"Desa"}},{"type":"Feature","id":45,"geometry":null,"properties":{"objectid":45,"namobj":"Kai","fcode":"BA03080040","remark":"-","metadata":"METADATA_IGT_BATASDESA_2024","srs_id":"-","kdbbps":"-","kdpumdes":"91.20.03.2006","kdpumkec":"91.20.03","kdpumkab":"91.20","kdpumprov":"91","luaswh":"-","tipadm":"Desa"}},{"type":"Feature","id":46,"geometry":null,"properties":{"objectid":46,"namobj":"Dou","fcode":"BA03080040","remark":"-","metadata":"METADATA_IGT_BATASDESA_2024","srs_id":"-","kdbbps":"-","kdpumdes":"91.20.02.2006","kdpumkec":"91.20.02","kdpumkab":"91.20","kdpumprov":"91","luaswh":"-","tipadm":"Desa"}},{"type":"Feature","id":50,"geometry":null,"properties":{"objectid":50,"namobj":"Fokri","fcode":"BA03080040","remark":"-","metadata":"METADATA_IGT_BATASDESA_2024","srs_id":"-","kdbbps":"-","kdpumdes":"91.20.02.2008","kdpumkec":"91.20.02","kdpumkab":"91.20","kdpumprov":"91","luaswh":"-","tipadm":"Desa"}},{"type":"Feature","id":72,"geometry":null,"properties":{"objectid":72,"namobj":"Nangkasawit","fcode":"BA03080040","remark":"-","metadata":"METADATA_IGT_BATASDESA_2024","srs_id":"-","kdbbps":"-","kdpumdes":"33.03.03.2006","kdpumkec":"33.03.03","kdpumkab":"33.03","kdpumprov":"33","luaswh":"-","tipadm":"Desa"}},{"type":"Feature","id":155,"geometry":null,"properties":{"objectid":155,"namobj":"Pagedangan","fcode":"BA03080040","remark":"-","metadata":"METADATA_IGT_BATASDESA_2024","srs_id":"-","kdbbps":"-","kdpumdes":"33.03.14.2010","kdpumkec":"33.03.14","kdpumkab":"33.03","kdpumprov":"33","luaswh":"-","tipadm":"Desa"}},{"type":"Feature","id":157,"geometry":null,"properties":{"objectid":157,"namobj":"Mangunegara","fcode":"BA03080040","remark":"-","metadata":"METADATA_IGT_BATASDESA_2024","srs_id":"-","kdbbps":"-","kdpumdes":"33.03.08.2008","kdpumkec":"33.03.08","kdpumkab":"33.03","kdpumprov":"33","luaswh":"-","tipadm":"Desa"}},{"type":"Feature","id":158,"geometry":null,"properties":{"objectid":158,"namobj":"Kaliori","fcode":"BA03080040","remark":"-","metadata":"METADATA_IGT_BATASDESA_2024","srs_id":"-","kdbbps":"-","kdpumdes":"33.03.11.2014","kdpumkec":"33.03.11","kdpumkab":"33.03","kdpumprov":"33","luaswh":"-","tipadm":"Desa"}},{"type":"Feature","id":93,"geometry":null,"properties":{"objectid":93,"namobj":"Gabusbanaran","fcode":"BA03080040","remark":"-","metadata":"METADATA_IGT_BATASDESA_2024","srs_id":"-","kdbbps":"-","kdpumdes":"35.17.13.2009","kdpumkec":"35.17.13","kdpumkab":"35.17","kdpumprov":"35","luaswh":"-","tipadm":"Desa"}},{"type":"Feature","id":91,"geometry":null,"properties":{"objectid":91,"namobj":"Rejosopinggir","fcode":"BA03080040","remark":"-","metadata":"METADATA_IGT_BATASDESA_2024","srs_id":"-","kdbbps":"-","kdpumdes":"35.17.13.2011","kdpumkec":"35.17.13","kdpumkab":"35.17","kdpumprov":"35","luaswh":"-","tipadm":"Desa"}},{"type":"Feature","id":92,"geometry":null,"properties":{"objectid":92,"namobj":"Sentul","fcode":"BA03080040","remark":"-","metadata":"METADATA_IGT_BATASDESA_2024","srs_id":"-","kdbbps":"-","kdpumdes":"35.17.13.2008","kdpumkec":"35.17.13","kdpumkab":"35.17","kdpumprov":"35","luaswh":"-","tipadm":"Desa"}},{"type":"Feature","id":48,"geometry":null,"properties":{"objectid":48,"namobj":"Plandi","fcode":"BA03080040","remark":"-","metadata":"METADATA_IGT_BATASDESA_2024","srs_id":"-","kdbbps":"-","kdpumdes":"35.17.09.2003","kdpumkec":"35.17.09","kdpumkab":"35.17","kdpumprov":"35","luaswh":"-","tipadm":"Desa"}},{"type":"Feature","id":990,"geometry":null,"properties":{"objectid":990,"namobj":"Sukajaya","fcode":"BA03070040","remark":"-","metadata":"METADATA_IGT_BATASDESA_2024","srs_id":"-","kdbbps":"-","kdpumdes":"32.02.32.2005","kdpumkec":"32.02.32","kdpumkab":"32.02","kdpumprov":"32","luaswh":"-","tipadm":"Desa"}},{"type":"Feature","id":991,"geometry":null,"properties":{"objectid":991,"namobj":"Sukakersa","fcode":"BA03070040","remark":"-","metadata":"METADATA_IGT_BATASDESA_2024","srs_id":"-","kdbbps":"-","kdpumdes":"32.02.15.2003","kdpumkec":"32.02.15","kdpumkab":"32.02","kdpumprov":"32","luaswh":"-","tipadm":"Desa"}},{"type":"Feature","id":992,"geometry":null,"properties":{"objectid":992,"namobj":"Sukalarang","fcode":"BA03070040","remark":"-","metadata":"METADATA_IGT_BATASDESA_2024","srs_id":"-","kdbbps":"-","kdpumdes":"32.02.36.2001","kdpumkec":"32.02.36","kdpumkab":"32.02","kdpumprov":"32","luaswh":"-","tipadm":"Desa"}},{"type":"Feature","id":993,"geometry":null,"properties":{"objectid":993,"namobj":"Sukamaju","fcode":"BA03070040","remark":"-","metadata":"METADATA_IGT_BATASDESA_2024","srs_id":"-","kdbbps":"-","kdpumdes":"32.02.30.2008","kdpumkec":"32.02.30","kdpumkab":"32.02","kdpumprov":"32","luaswh":"-","tipadm":"Desa"}},{"type":"Feature","id":994,"geometry":null,"properties":{"objectid":994,"namobj":"Sukamaju","fcode":"BA03070040","remark":"-","metadata":"METADATA_IGT_BATASDESA_2024","srs_id":"-","kdbbps":"-","kdpumdes":"32.02.36.2002","kdpumkec":"32.02.36","kdpumkab":"32.02","kdpumprov":"32","luaswh":"-","tipadm":"Desa"}},{"type":"Feature","id":1099,"geometry":null,"properties":{"objectid":1099,"namobj":"Tandun","fcode":"BA03070040","remark":"-","metadata":"METADATA_IGT_BATASDESA_2024","srs_id":"-","kdbbps":"-","kdpumdes":"14.06.11.2001","kdpumkec":"14.06.11","kdpumkab":"14.06","kdpumprov":"14","luaswh":"-","tipadm":"Desa"}},{"type":"Feature","id":1106,"geometry":null,"properties":{"objectid":1106,"namobj":"Tambusai Barat","fcode":"BA03070040","remark":"-","metadata":"METADATA_IGT_BATASDESA_2024","srs_id":"-","kdbbps":"-","kdpumdes":"14.06.04.2002","kdpumkec":"14.06.04","kdpumkab":"14.06","kdpumprov":"14","luaswh":"-","tipadm":"Desa"}},{"type":"Feature","id":1107,"geometry":null,"properties":{"objectid":1107,"namobj":"Sungai Kumango","fcode":"BA03070040","remark":"-","metadata":"METADATA_IGT_BATASDESA_2024","srs_id":"-","kdbbps":"-","kdpumdes":"14.06.04.2007","kdpumkec":"14.06.04","kdpumkab":"14.06","kdpumprov":"14","luaswh":"-","tipadm":"Desa"}},{"type":"Feature","id":995,"geometry":null,"properties":{"objectid":995,"namobj":"Sukamanah","fcode":"BA03070040","remark":"-","metadata":"METADATA_IGT_BATASDESA_2024","srs_id":"-","kdbbps":"-","kdpumdes":"32.02.29.2003","kdpumkec":"32.02.29","kdpumkab":"32.02","kdpumprov":"32","luaswh":"-","tipadm":"Desa"}},{"type":"Feature","id":1064,"geometry":null,"properties":{"objectid":1064,"namobj":"Rejasari","fcode":"BA03070040","remark":"-","metadata":"METADATA_IGT_BATASDESA_2024","srs_id":"-","kdbbps":"-","kdpumdes":"32.79.04.2002","kdpumkec":"32.79.04","kdpumkab":"32.79","kdpumprov":"32","luaswh":"-","tipadm":"Desa"}},{"type":"Feature","id":41,"geometry":null,"properties":{"objectid":41,"namobj":"Kedungbako","fcode":"BA03080040","remark":"-","metadata":"METADATA_IGT_BATASDESA_2024","srs_id":"-","kdbbps":"-","kdpumdes":"35.14.23.2011","kdpumkec":"35.14.23","kdpumkab":"35.14","kdpumprov":"35","luaswh":"-","tipadm":"Desa"}},{"type":"Feature","id":42,"geometry":null,"properties":{"objectid":42,"namobj":"Sambirejo","fcode":"BA03080040","remark":"-","metadata":"METADATA_IGT_BATASDESA_2024","srs_id":"-","kdbbps":"-","kdpumdes":"35.14.23.2010","kdpumkec":"35.14.23","kdpumkab":"35.14","kdpumprov":"35","luaswh":"-","tipadm":"Desa"}},{"type":"Feature","id":43,"geometry":null,"properties":{"objectid":43,"namobj":"Rejoso Lor","fcode":"BA03080040","remark":"-","metadata":"METADATA_IGT_BATASDESA_2024","srs_id":"-","kdbbps":"-","kdpumdes":"35.14.23.2012","kdpumkec":"35.14.23","kdpumkab":"35.14","kdpumprov":"35","luaswh":"-","tipadm":"Desa"}},{"type":"Feature","id":44,"geometry":null,"properties":{"objectid":44,"namobj":"Patuguhan","fcode":"BA03080040","remark":"-","metadata":"METADATA_IGT_BATASDESA_2024","srs_id":"-","kdbbps":"-","kdpumdes":"35.14.23.2013","kdpumkec":"35.14.23","kdpumkab":"35.14","kdpumprov":"35","luaswh":"-","tipadm":"Desa"}},{"type":"Feature","id":94,"geometry":null,"properties":{"objectid":94,"namobj":"Pulogedang","fcode":"BA03080040","remark":"-","metadata":"METADATA_IGT_BATASDESA_2024","srs_id":"-","kdbbps":"-","kdpumdes":"35.17.13.2014","kdpumkec":"35.17.13","kdpumkab":"35.17","kdpumprov":"35","luaswh":"-","tipadm":"Desa"}},{"type":"Feature","id":95,"geometry":null,"properties":{"objectid":95,"namobj":"Bedahlawak","fcode":"BA03080040","remark":"-","metadata":"METADATA_IGT_BATASDESA_2024","srs_id":"-","kdbbps":"-","kdpumdes":"35.17.13.2015","kdpumkec":"35.17.13","kdpumkab":"35.17","kdpumprov":"35","luaswh":"-","tipadm":"Desa"}},{"type":"Feature","id":996,"geometry":null,"properties":{"objectid":996,"namobj":"Sukamanah","fcode":"BA03070040","remark":"-","metadata":"METADATA_IGT_BATASDESA_2024","srs_id":"-","kdbbps":"-","kdpumdes":"32.02.40.2006","kdpumkec":"32.02.40","kdpumkab":"32.02","kdpumprov":"32","luaswh":"-","tipadm":"Desa"}},{"type":"Feature","id":997,"geometry":null,"properties":{"objectid":997,"namobj":"Sukamanis","fcode":"BA03070040","remark":"-","metadata":"METADATA_IGT_BATASDESA_2024","srs_id":"-","kdbbps":"-","kdpumdes":"32.02.30.2005","kdpumkec":"32.02.30","kdpumkab":"32.02","kdpumprov":"32","luaswh":"-","tipadm":"Desa"}},{"type":"Feature","id":998,"geometry":null,"properties":{"objectid":998,"namobj":"Sukamantri","fcode":"BA03070040","remark":"-","metadata":"METADATA_IGT_BATASDESA_2024","srs_id":"-","kdbbps":"-","kdpumdes":"32.02.29.2007","kdpumkec":"32.02.29","kdpumkab":"32.02","kdpumprov":"32","luaswh":"-","tipadm":"Desa"}},{"type":"Feature","id":999,"geometry":null,"properties":{"objectid":999,"namobj":"Sukamekar","fcode":"BA03070040","remark":"-","metadata":"METADATA_IGT_BATASDESA_2024","srs_id":"-","kdbbps":"-","kdpumdes":"32.02.33.2007","kdpumkec":"32.02.33","kdpumkab":"32.02","kdpumprov":"32","luaswh":"-","tipadm":"Desa"}},{"type":"Feature","id":1092,"geometry":null,"properties":{"objectid":1092,"namobj":"Kubang Jaya","fcode":"BA03070040","remark":"-","metadata":"METADATA_IGT_BATASDESA_2024","srs_id":"-","kdbbps":"-","kdpumdes":"14.01.06.2016","kdpumkec":"14.01.06","kdpumkab":"14.01","kdpumprov":"14","luaswh":"-","tipadm":"Desa"}},{"type":"Feature","id":1093,"geometry":null,"properties":{"objectid":1093,"namobj":"Hangtuah","fcode":"BA03070040","remark":"-","metadata":"METADATA_IGT_BATASDESA_2024","srs_id":"-","kdbbps":"-","kdpumdes":"14.01.16.2003","kdpumkec":"14.01.16","kdpumkab":"14.01","kdpumprov":"14","luaswh":"-","tipadm":"Desa"}},{"type":"Feature","id":1094,"geometry":null,"properties":{"objectid":1094,"namobj":"Kuok","fcode":"BA03070040","remark":"-","metadata":"METADATA_IGT_BATASDESA_2024","srs_id":"-","kdbbps":"-","kdpumdes":"14.01.05.2001","kdpumkec":"14.01.05","kdpumkab":"14.01","kdpumprov":"14","luaswh":"-","tipadm":"Desa"}},{"type":"Feature","id":46,"geometry":null,"properties":{"objectid":46,"namobj":"Jarangan","fcode":"BA03080040","remark":"-","metadata":"METADATA_IGT_BATASDESA_2024","srs_id":"-","kdbbps":"-","kdpumdes":"35.14.23.2016","kdpumkec":"35.14.23","kdpumkab":"35.14","kdpumprov":"35","luaswh":"-","tipadm":"Desa"}},{"type":"Feature","id":889,"geometry":null,"properties":{"objectid":889,"namobj":"Batununggal","fcode":"BA03070040","remark":"-","metadata":"METADATA_IGT_BATASDESA_2024","srs_id":"-","kdbbps":"-","kdpumdes":"32.02.11.2010","kdpumkec":"32.02.11","kdpumkab":"32.02","kdpumprov":"32","luaswh":"-","tipadm":"Desa"}},{"type":"Feature","id":890,"geometry":null,"properties":{"objectid":890,"namobj":"Berekah","fcode":"BA03070040","remark":"-","metadata":"METADATA_IGT_BATASDESA_2024","srs_id":"-","kdbbps":"-","kdpumdes":"32.02.14.2003","kdpumkec":"32.02.14","kdpumkab":"32.02","kdpumprov":"32","luaswh":"-","tipadm":"Desa"}},{"type":"Feature","id":47,"geometry":null,"properties":{"objectid":47,"namobj":"Jabon","fcode":"BA03080040","remark":"-","metadata":"METADATA_IGT_BATASDESA_2024","srs_id":"-","kdbbps":"-","kdpumdes":"35.17.09.2018","kdpumkec":"35.17.09","kdpumkab":"35.17","kdpumprov":"35","luaswh":"-","tipadm":"Desa"}},{"type":"Feature","id":891,"geometry":null,"properties":{"objectid":891,"namobj":"Bojongasih","fcode":"BA03070040","remark":"-","metadata":"METADATA_IGT_BATASDESA_2024","srs_id":"-","kdbbps":"-","kdpumdes":"32.02.15.2005","kdpumkec":"32.02.15","kdpumkab":"32.02","kdpumprov":"32","luaswh":"-","tipadm":"Desa"}},{"type":"Feature","id":892,"geometry":null,"properties":{"objectid":892,"namobj":"Bojonggaling","fcode":"BA03070040","remark":"-","metadata":"METADATA_IGT_BATASDESA_2024","srs_id":"-","kdbbps":"-","kdpumdes":"32.02.14.2005","kdpumkec":"32.02.14","kdpumkab":"32.02","kdpumprov":"32","luaswh":"-","tipadm":"Desa"}},{"type":"Feature","id":893,"geometry":null,"properties":{"objectid":893,"namobj":"Bojonggenteng","fcode":"BA03070040","remark":"-","metadata":"METADATA_IGT_BATASDESA_2024","srs_id":"-","kdbbps":"-","kdpumdes":"32.02.14.2001","kdpumkec":"32.02.14","kdpumkab":"32.02","kdpumprov":"32","luaswh":"-","tipadm":"Desa"}},{"type":"Feature","id":96,"geometry":null,"properties":{"objectid":96,"namobj":"Jatiwates","fcode":"BA03080040","remark":"-","metadata":"METADATA_IGT_BATASDESA_2024","srs_id":"-","kdbbps":"-","kdpumdes":"35.17.13.2012","kdpumkec":"35.17.13","kdpumkab":"35.17","kdpumprov":"35","luaswh":"-","tipadm":"Desa"}},{"type":"Feature","id":1013,"geometry":null,"properties":{"objectid":1013,"namobj":"Wangunjaya","fcode":"BA03070040","remark":"-","metadata":"METADATA_IGT_BATASDESA_2024","srs_id":"-","kdbbps":"-","kdpumdes":"32.02.47.2003","kdpumkec":"32.02.47","kdpumkab":"32.02","kdpumprov":"32","luaswh":"-","tipadm":"Desa"}},{"type":"Feature","id":1015,"geometry":null,"properties":{"objectid":1015,"namobj":"Warnasari","fcode":"BA03070040","remark":"-","metadata":"METADATA_IGT_BATASDESA_2024","srs_id":"-","kdbbps":"-","kdpumdes":"32.02.32.2004","kdpumkec":"32.02.32","kdpumkab":"32.02","kdpumprov":"32","luaswh":"-","tipadm":"Desa"}},{"type":"Feature","id":97,"geometry":null,"properties":{"objectid":97,"namobj":"Kepuhdoko","fcode":"BA03080040","remark":"-","metadata":"METADATA_IGT_BATASDESA_2024","srs_id":"-","kdbbps":"-","kdpumdes":"35.17.13.2013","kdpumkec":"35.17.13","kdpumkab":"35.17","kdpumprov":"35","luaswh":"-","tipadm":"Desa"}},{"type":"Feature","id":1001,"geometry":null,"properties":{"objectid":1001,"namobj":"Sukaraja","fcode":"BA03070040","remark":"-","metadata":"METADATA_IGT_BATASDESA_2024","srs_id":"-","kdbbps":"-","kdpumdes":"32.02.33.2004","kdpumkec":"32.02.33","kdpumkab":"32.02","kdpumprov":"32","luaswh":"-","tipadm":"Desa"}},{"type":"Feature","id":1002,"geometry":null,"properties":{"objectid":1002,"namobj":"Sukaresmi","fcode":"BA03070040","remark":"-","metadata":"METADATA_IGT_BATASDESA_2024","srs_id":"-","kdbbps":"-","kdpumdes":"32.02.29.2013","kdpumkec":"32.02.29","kdpumkab":"32.02","kdpumprov":"32","luaswh":"-","tipadm":"Desa"}},{"type":"Feature","id":1003,"geometry":null,"properties":{"objectid":1003,"namobj":"Sukasirna","fcode":"BA03070040","remark":"-","metadata":"METADATA_IGT_BATASDESA_2024","srs_id":"-","kdbbps":"-","kdpumdes":"32.02.11.2009","kdpumkec":"32.02.11","kdpumkab":"32.02","kdpumprov":"32","luaswh":"-","tipadm":"Desa"}},{"type":"Feature","id":1004,"geometry":null,"properties":{"objectid":1004,"namobj":"Sukatani","fcode":"BA03070040","remark":"-","metadata":"METADATA_IGT_BATASDESA_2024","srs_id":"-","kdbbps":"-","kdpumdes":"32.02.15.2004","kdpumkec":"32.02.15","kdpumkab":"32.02","kdpumprov":"32","luaswh":"-","tipadm":"Desa"}},{"type":"Feature","id":1005,"geometry":null,"properties":{"objectid":1005,"namobj":"Sundawenang","fcode":"BA03070040","remark":"-","metadata":"METADATA_IGT_BATASDESA_2024","srs_id":"-","kdbbps":"-","kdpumdes":"32.02.13.2005","kdpumkec":"32.02.13","kdpumkab":"32.02","kdpumprov":"32","luaswh":"-","tipadm":"Desa"}},{"type":"Feature","id":1006,"geometry":null,"properties":{"objectid":1006,"namobj":"Tangkil","fcode":"BA03070040","remark":"-","metadata":"METADATA_IGT_BATASDESA_2024","srs_id":"-","kdbbps":"-","kdpumdes":"32.02.17.2005","kdpumkec":"32.02.17","kdpumkab":"32.02","kdpumprov":"32","luaswh":"-","tipadm":"Desa"}},{"type":"Feature","id":1008,"geometry":null,"properties":{"objectid":1008,"namobj":"Tenjojaya","fcode":"BA03070040","remark":"-","metadata":"METADATA_IGT_BATASDESA_2024","srs_id":"-","kdbbps":"-","kdpumdes":"32.02.11.2007","kdpumkec":"32.02.11","kdpumkab":"32.02","kdpumprov":"32","luaswh":"-","tipadm":"Desa"}},{"type":"Feature","id":1009,"geometry":null,"properties":{"objectid":1009,"namobj":"Titisan","fcode":"BA03070040","remark":"-","metadata":"METADATA_IGT_BATASDESA_2024","srs_id":"-","kdbbps":"-","kdpumdes":"32.02.36.2004","kdpumkec":"32.02.36","kdpumkab":"32.02","kdpumprov":"32","luaswh":"-","tipadm":"Desa"}},{"type":"Feature","id":1010,"geometry":null,"properties":{"objectid":1010,"namobj":"Tugubandung","fcode":"BA03070040","remark":"-","metadata":"METADATA_IGT_BATASDESA_2024","srs_id":"-","kdbbps":"-","kdpumdes":"32.02.19.2004","kdpumkec":"32.02.19","kdpumkab":"32.02","kdpumprov":"32","luaswh":"-","tipadm":"Desa"}},{"type":"Feature","id":1011,"geometry":null,"properties":{"objectid":1011,"namobj":"Undrusbinangun","fcode":"BA03070040","remark":"-","metadata":"METADATA_IGT_BATASDESA_2024","srs_id":"-","kdbbps":"-","kdpumdes":"32.02.30.2006","kdpumkec":"32.02.30","kdpumkab":"32.02","kdpumprov":"32","luaswh":"-","tipadm":"Desa"}},{"type":"Feature","id":1012,"geometry":null,"properties":{"objectid":1012,"namobj":"Walang Sari","fcode":"BA03070040","remark":"-","metadata":"METADATA_IGT_BATASDESA_2024","srs_id":"-","kdbbps":"-","kdpumdes":"32.02.18.2006","kdpumkec":"32.02.18","kdpumkab":"32.02","kdpumprov":"32","luaswh":"-","tipadm":"Desa"}},{"type":"Feature","id":1095,"geometry":null,"properties":{"objectid":1095,"namobj":"Bina Baru","fcode":"BA03070040","remark":"-","metadata":"METADATA_IGT_BATASDESA_2024","srs_id":"-","kdbbps":"-","kdpumdes":"14.01.19.2002","kdpumkec":"14.01.19","kdpumkab":"14.01","kdpumprov":"14","luaswh":"-","tipadm":"Desa"}},{"type":"Feature","id":1096,"geometry":null,"properties":{"objectid":1096,"namobj":"Koto Perambahan","fcode":"BA03070040","remark":"-","metadata":"METADATA_IGT_BATASDESA_2024","srs_id":"-","kdbbps":"-","kdpumdes":"14.01.17.2004","kdpumkec":"14.01.17","kdpumkab":"14.01","kdpumprov":"14","luaswh":"-","tipadm":"Desa"}},{"type":"Feature","id":1108,"geometry":null,"properties":{"objectid":1108,"namobj":"Sialang Rindang","fcode":"BA03070040","remark":"-","metadata":"METADATA_IGT_BATASDESA_2024","srs_id":"-","kdbbps":"-","kdpumdes":"14.06.04.2009","kdpumkec":"14.06.04","kdpumkab":"14.06","kdpumprov":"14","luaswh":"-","tipadm":"Desa"}},{"type":"Feature","id":1110,"geometry":null,"properties":{"objectid":1110,"namobj":"Batas","fcode":"BA03070040","remark":"-","metadata":"METADATA_IGT_BATASDESA_2024","srs_id":"-","kdbbps":"-","kdpumdes":"14.06.04.2004","kdpumkec":"14.06.04","kdpumkab":"14.06","kdpumprov":"14","luaswh":"-","tipadm":"Desa"}},{"type":"Feature","id":1111,"geometry":null,"properties":{"objectid":1111,"namobj":"Batang Kumu","fcode":"BA03070040","remark":"-","metadata":"METADATA_IGT_BATASDESA_2024","srs_id":"-","kdbbps":"-","kdpumdes":"14.06.04.2008","kdpumkec":"14.06.04","kdpumkab":"14.06","kdpumprov":"14","luaswh":"-","tipadm":"Desa"}},{"type":"Feature","id":1097,"geometry":null,"properties":{"objectid":1097,"namobj":"Suka Damai","fcode":"BA03070040","remark":"-","metadata":"METADATA_IGT_BATASDESA_2024","srs_id":"-","kdbbps":"-","kdpumdes":"14.06.01.2002","kdpumkec":"14.06.01","kdpumkab":"14.06","kdpumprov":"14","luaswh":"-","tipadm":"Desa"}},{"type":"Feature","id":51,"geometry":null,"properties":{"objectid":51,"namobj":"Sengon","fcode":"BA03080040","remark":"-","metadata":"METADATA_IGT_BATASDESA_2024","srs_id":"-","kdbbps":"-","kdpumdes":"35.17.09.2009","kdpumkec":"35.17.09","kdpumkab":"35.17","kdpumprov":"35","luaswh":"-","tipadm":"Desa"}},{"type":"Feature","id":1098,"geometry":null,"properties":{"objectid":1098,"namobj":"Pematang Tebih","fcode":"BA03070040","remark":"-","metadata":"METADATA_IGT_BATASDESA_2024","srs_id":"-","kdbbps":"-","kdpumdes":"14.06.01.2005","kdpumkec":"14.06.01","kdpumkab":"14.06","kdpumprov":"14","luaswh":"-","tipadm":"Desa"}},{"type":"Feature","id":53,"geometry":null,"properties":{"objectid":53,"namobj":"Tunggorono","fcode":"BA03080040","remark":"-","metadata":"METADATA_IGT_BATASDESA_2024","srs_id":"-","kdbbps":"-","kdpumdes":"35.17.09.2010","kdpumkec":"35.17.09","kdpumkab":"35.17","kdpumprov":"35","luaswh":"-","tipadm":"Desa"}},{"type":"Feature","id":55,"geometry":null,"properties":{"objectid":55,"namobj":"Peterongan","fcode":"BA03080040","remark":"-","metadata":"METADATA_IGT_BATASDESA_2024","srs_id":"-","kdbbps":"-","kdpumdes":"35.17.10.2001","kdpumkec":"35.17.10","kdpumkab":"35.17","kdpumprov":"35","luaswh":"-","tipadm":"Desa"}},{"type":"Feature","id":906,"geometry":null,"properties":{"objectid":906,"namobj":"Cidahu","fcode":"BA03070040","remark":"-","metadata":"METADATA_IGT_BATASDESA_2024","srs_id":"-","kdbbps":"-","kdpumdes":"32.02.17.2004","kdpumkec":"32.02.17","kdpumkab":"32.02","kdpumprov":"32","luaswh":"-","tipadm":"Desa"}},{"type":"Feature","id":907,"geometry":null,"properties":{"objectid":907,"namobj":"Ciengang","fcode":"BA03070040","remark":"-","metadata":"METADATA_IGT_BATASDESA_2024","srs_id":"-","kdbbps":"-","kdpumdes":"32.02.40.2003","kdpumkec":"32.02.40","kdpumkab":"32.02","kdpumprov":"32","luaswh":"-","tipadm":"Desa"}},{"type":"Feature","id":908,"geometry":null,"properties":{"objectid":908,"namobj":"Cihamerang","fcode":"BA03070040","remark":"-","metadata":"METADATA_IGT_BATASDESA_2024","srs_id":"-","kdbbps":"-","kdpumdes":"32.02.19.2003","kdpumkec":"32.02.19","kdpumkab":"32.02","kdpumprov":"32","luaswh":"-","tipadm":"Desa"}},{"type":"Feature","id":909,"geometry":null,"properties":{"objectid":909,"namobj":"Cihanjawar","fcode":"BA03070040","remark":"-","metadata":"METADATA_IGT_BATASDESA_2024","srs_id":"-","kdbbps":"-","kdpumdes":"32.02.12.22012","kdpumkec":"32.02.12","kdpumkab":"32.02","kdpumprov":"32","luaswh":"-","tipadm":"Desa"}},{"type":"Feature","id":894,"geometry":null,"properties":{"objectid":894,"namobj":"Bojongkokosan","fcode":"BA03070040","remark":"-","metadata":"METADATA_IGT_BATASDESA_2024","srs_id":"-","kdbbps":"-","kdpumdes":"32.02.13.2006","kdpumkec":"32.02.13","kdpumkab":"32.02","kdpumprov":"32","luaswh":"-","tipadm":"Desa"}},{"type":"Feature","id":895,"geometry":null,"properties":{"objectid":895,"namobj":"Bojonglongok","fcode":"BA03070040","remark":"-","metadata":"METADATA_IGT_BATASDESA_2024","srs_id":"-","kdbbps":"-","kdpumdes":"32.02.15.2002","kdpumkec":"32.02.15","kdpumkab":"32.02","kdpumprov":"32","luaswh":"-","tipadm":"Desa"}},{"type":"Feature","id":896,"geometry":null,"properties":{"objectid":896,"namobj":"Bojongsawah","fcode":"BA03070040","remark":"-","metadata":"METADATA_IGT_BATASDESA_2024","srs_id":"-","kdbbps":"-","kdpumdes":"32.02.34.2003","kdpumkec":"32.02.34","kdpumkab":"32.02","kdpumprov":"32","luaswh":"-","tipadm":"Desa"}},{"type":"Feature","id":1020,"geometry":null,"properties":{"objectid":1020,"namobj":"Cikembang","fcode":"BA03070040","remark":"-","metadata":"METADATA_IGT_BATASDESA_2024","srs_id":"-","kdbbps":"-","kdpumdes":"32.02.31.2008","kdpumkec":"32.02.31","kdpumkab":"32.02","kdpumprov":"32","luaswh":"-","tipadm":"Desa"}},{"type":"Feature","id":1021,"geometry":null,"properties":{"objectid":1021,"namobj":"Seuseupan","fcode":"BA03070040","remark":"-","metadata":"METADATA_IGT_BATASDESA_2024","srs_id":"-","kdbbps":"-","kdpumdes":"32.02.31.2004","kdpumkec":"32.02.31","kdpumkab":"32.02","kdpumprov":"32","luaswh":"-","tipadm":"Desa"}},{"type":"Feature","id":910,"geometry":null,"properties":{"objectid":910,"namobj":"Ciheulang Tonggoh","fcode":"BA03070040","remark":"-","metadata":"METADATA_IGT_BATASDESA_2024","srs_id":"-","kdbbps":"-","kdpumdes":"32.02.11.2008","kdpumkec":"32.02.11","kdpumkab":"32.02","kdpumprov":"32","luaswh":"-","tipadm":"Desa"}},{"type":"Feature","id":912,"geometry":null,"properties":{"objectid":912,"namobj":"Cijengkol","fcode":"BA03070040","remark":"-","metadata":"METADATA_IGT_BATASDESA_2024","srs_id":"-","kdbbps":"-","kdpumdes":"32.02.31.2005","kdpumkec":"32.02.31","kdpumkab":"32.02","kdpumprov":"32","luaswh":"-","tipadm":"Desa"}},{"type":"Feature","id":1114,"geometry":null,"properties":{"objectid":1114,"namobj":"Suka Maju","fcode":"BA03070040","remark":"-","metadata":"METADATA_IGT_BATASDESA_2024","srs_id":"-","kdbbps":"-","kdpumdes":"14.06.03.2011","kdpumkec":"14.06.03","kdpumkab":"14.06","kdpumprov":"14","luaswh":"-","tipadm":"Desa"}},{"type":"Feature","id":1116,"geometry":null,"properties":{"objectid":1116,"namobj":"Rambah Tengah Utara","fcode":"BA03070040","remark":"-","metadata":"METADATA_IGT_BATASDESA_2024","srs_id":"-","kdbbps":"-","kdpumdes":"14.06.03.2002","kdpumkec":"14.06.03","kdpumkab":"14.06","kdpumprov":"14","luaswh":"-","tipadm":"Desa"}},{"type":"Feature","id":56,"geometry":null,"properties":{"objectid":56,"namobj":"Kepatihan","fcode":"BA03080040","remark":"-","metadata":"METADATA_IGT_BATASDESA_2024","srs_id":"-","kdbbps":"-","kdpumdes":"35.17.09.2007","kdpumkec":"35.17.09","kdpumkab":"35.17","kdpumprov":"35","luaswh":"-","tipadm":"Desa"}},{"type":"Feature","id":60,"geometry":null,"properties":{"objectid":60,"namobj":"Candimulyo","fcode":"BA03080040","remark":"-","metadata":"METADATA_IGT_BATASDESA_2024","srs_id":"-","kdbbps":"-","kdpumdes":"35.17.09.2013","kdpumkec":"35.17.09","kdpumkab":"35.17","kdpumprov":"35","luaswh":"-","tipadm":"Desa"}},{"type":"Feature","id":913,"geometry":null,"properties":{"objectid":913,"namobj":"Cijurey","fcode":"BA03070040","remark":"-","metadata":"METADATA_IGT_BATASDESA_2024","srs_id":"-","kdbbps":"-","kdpumdes":"32.02.40.2002","kdpumkec":"32.02.40","kdpumkab":"32.02","kdpumprov":"32","luaswh":"-","tipadm":"Desa"}},{"type":"Feature","id":914,"geometry":null,"properties":{"objectid":914,"namobj":"Cikahuripan","fcode":"BA03070040","remark":"-","metadata":"METADATA_IGT_BATASDESA_2024","srs_id":"-","kdbbps":"-","kdpumdes":"32.02.30.2009","kdpumkec":"32.02.30","kdpumkab":"32.02","kdpumprov":"32","luaswh":"-","tipadm":"Desa"}},{"type":"Feature","id":57,"geometry":null,"properties":{"objectid":57,"namobj":"Pulolor","fcode":"BA03080040","remark":"-","metadata":"METADATA_IGT_BATASDESA_2024","srs_id":"-","kdbbps":"-","kdpumdes":"35.17.09.2008","kdpumkec":"35.17.09","kdpumkab":"35.17","kdpumprov":"35","luaswh":"-","tipadm":"Desa"}},{"type":"Feature","id":898,"geometry":null,"properties":{"objectid":898,"namobj":"Caringin Kulon","fcode":"BA03070040","remark":"-","metadata":"METADATA_IGT_BATASDESA_2024","srs_id":"-","kdbbps":"-","kdpumdes":"32.02.31.2003","kdpumkec":"32.02.31","kdpumkab":"32.02","kdpumprov":"32","luaswh":"-","tipadm":"Desa"}},{"type":"Feature","id":900,"geometry":null,"properties":{"objectid":900,"namobj":"Ciambar","fcode":"BA03070040","remark":"-","metadata":"METADATA_IGT_BATASDESA_2024","srs_id":"-","kdbbps":"-","kdpumdes":"32.02.47.2001","kdpumkec":"32.02.47","kdpumkab":"32.02","kdpumprov":"32","luaswh":"-","tipadm":"Desa"}}],"exceededTransferLimit":true}